Customer_ID,Customer_Name,Segment,City,Region_ID,Join_Date
C00001,Customer 00001,Consumer,Patna,R03,2025-08-26
C00002,Customer 00002,Enterprise,Bhubaneswar,R03,2025-01-10
C00003,Customer 00003,Consumer,Pune,R04,2025-05-15
C00004,Customer 00004,Consumer,Kolkata,R03,2024-07-13
C00005,Customer 00005,Consumer,Bengaluru,R02,2025-03-17
C00006,Customer 00006,Consumer,Jaipur,R01,2024-09-25
C00007,Customer 00007,Consumer,Bhubaneswar,R03,2024-05-13
C00008,Customer 00008,Premium,Kolkata,R03,2024-08-04
C00009,Customer 00009,SMB,Patna,R03,2025-07-16
C00010,Customer 00010,Enterprise,Bengaluru,R02,2025-01-25
C00011,Customer 00011,Enterprise,Hyderabad,R02,2025-02-07
C00012,Customer 00012,Consumer,Patna,R03,2025-04-07
C00013,Customer 00013,Consumer,Lucknow,R01,2025-03-12
C00014,Customer 00014,Consumer,Guwahati,R03,2025-09-20
C00015,Customer 00015,Consumer,Ahmedabad,R04,2025-03-29
C00016,Customer 00016,Premium,Guwahati,R03,2024-03-02
C00017,Customer 00017,Premium,Kolkata,R03,2024-05-03
C00018,Customer 00018,Enterprise,Pune,R04,2025-03-09
C00019,Customer 00019,Premium,Surat,R04,2024-03-06
C00020,Customer 00020,Consumer,Hyderabad,R02,2025-03-06
C00021,Customer 00021,Consumer,Guwahati,R03,2024-04-04
C00022,Customer 00022,SMB,Kolkata,R03,2025-02-21
C00023,Customer 00023,Enterprise,Guwahati,R03,2025-11-02
C00024,Customer 00024,SMB,Ahmedabad,R04,2024-12-25
C00025,Customer 00025,Consumer,Chandigarh,R01,2025-07-27
C00026,Customer 00026,SMB,Lucknow,R01,2024-03-05
C00027,Customer 00027,Enterprise,Bhubaneswar,R03,2024-06-01
C00028,Customer 00028,Enterprise,Guwahati,R03,2024-08-31
C00029,Customer 00029,Consumer,Surat,R04,2025-08-03
C00030,Customer 00030,Consumer,Hyderabad,R02,2024-08-17
C00031,Customer 00031,Premium,Mumbai,R04,2025-02-09
C00032,Customer 00032,SMB,Hyderabad,R02,2024-10-06
C00033,Customer 00033,Premium,Lucknow,R01,2024-09-20
C00034,Customer 00034,Consumer,Ahmedabad,R04,2024-12-15
C00035,Customer 00035,SMB,Patna,R03,2025-09-09
C00036,Customer 00036,Enterprise,Pune,R04,2024-03-27
C00037,Customer 00037,Consumer,Ahmedabad,R04,2024-12-15
C00038,Customer 00038,Consumer,Kolkata,R03,2025-05-15
C00039,Customer 00039,Enterprise,Jaipur,R01,2024-11-10
C00040,Customer 00040,Consumer,Kochi,R02,2024-11-30
C00041,Customer 00041,Premium,Jaipur,R01,2025-06-22
C00042,Customer 00042,Premium,Ahmedabad,R04,2024-03-21
C00043,Customer 00043,Consumer,Chandigarh,R01,2025-07-21
C00044,Customer 00044,Premium,Mumbai,R04,2024-03-18
C00045,Customer 00045,SMB,Lucknow,R01,2025-03-31
C00046,Customer 00046,Consumer,Lucknow,R01,2025-10-16
C00047,Customer 00047,Consumer,Delhi,R01,2025-09-15
C00048,Customer 00048,Premium,Surat,R04,2024-05-24
C00049,Customer 00049,Consumer,Hyderabad,R02,2024-01-04
C00050,Customer 00050,SMB,Delhi,R01,2024-02-07
C00051,Customer 00051,Consumer,Surat,R04,2024-07-29
C00052,Customer 00052,Enterprise,Mumbai,R04,2024-02-11
C00053,Customer 00053,Enterprise,Surat,R04,2025-09-09
C00054,Customer 00054,Consumer,Patna,R03,2025-09-03
C00055,Customer 00055,Consumer,Chennai,R02,2025-05-24
C00056,Customer 00056,SMB,Guwahati,R03,2025-06-27
C00057,Customer 00057,Consumer,Chandigarh,R01,2025-08-16
C00058,Customer 00058,Consumer,Kolkata,R03,2024-05-20
C00059,Customer 00059,Premium,Lucknow,R01,2025-07-01
C00060,Customer 00060,SMB,Guwahati,R03,2024-02-09
C00061,Customer 00061,Enterprise,Delhi,R01,2024-12-01
C00062,Customer 00062,Consumer,Bhubaneswar,R03,2024-05-06
C00063,Customer 00063,Premium,Mumbai,R04,2025-03-08
C00064,Customer 00064,SMB,Hyderabad,R02,2025-07-26
C00065,Customer 00065,Consumer,Ahmedabad,R04,2024-06-30
C00066,Customer 00066,SMB,Ahmedabad,R04,2024-08-07
C00067,Customer 00067,SMB,Guwahati,R03,2024-11-19
C00068,Customer 00068,SMB,Mumbai,R04,2024-04-18
C00069,Customer 00069,SMB,Bhubaneswar,R03,2024-04-04
C00070,Customer 00070,Consumer,Chandigarh,R01,2024-04-07
C00071,Customer 00071,Consumer,Jaipur,R01,2025-07-27
C00072,Customer 00072,Consumer,Bhubaneswar,R03,2025-04-08
C00073,Customer 00073,Consumer,Jaipur,R01,2025-11-23
C00074,Customer 00074,Consumer,Guwahati,R03,2024-08-19
C00075,Customer 00075,SMB,Bengaluru,R02,2024-04-17
C00076,Customer 00076,SMB,Delhi,R01,2025-02-21
C00077,Customer 00077,SMB,Guwahati,R03,2025-03-04
C00078,Customer 00078,Enterprise,Guwahati,R03,2024-08-18
C00079,Customer 00079,Consumer,Hyderabad,R02,2025-01-21
C00080,Customer 00080,SMB,Guwahati,R03,2024-09-20
C00081,Customer 00081,Enterprise,Ahmedabad,R04,2024-04-03
C00082,Customer 00082,SMB,Surat,R04,2025-01-02
C00083,Customer 00083,Consumer,Kochi,R02,2025-01-14
C00084,Customer 00084,Consumer,Pune,R04,2024-12-26
C00085,Customer 00085,Enterprise,Delhi,R01,2025-08-22
C00086,Customer 00086,Consumer,Delhi,R01,2024-07-23
C00087,Customer 00087,Consumer,Chennai,R02,2024-02-18
C00088,Customer 00088,Enterprise,Patna,R03,2024-01-11
C00089,Customer 00089,Consumer,Patna,R03,2025-06-01
C00090,Customer 00090,Consumer,Delhi,R01,2025-03-14
C00091,Customer 00091,Premium,Bhubaneswar,R03,2024-02-25
C00092,Customer 00092,Consumer,Pune,R04,2025-07-17
C00093,Customer 00093,SMB,Ahmedabad,R04,2025-07-03
C00094,Customer 00094,Consumer,Kochi,R02,2025-04-12
C00095,Customer 00095,SMB,Kolkata,R03,2024-12-06
C00096,Customer 00096,Enterprise,Lucknow,R01,2024-05-01
C00097,Customer 00097,SMB,Surat,R04,2024-05-26
C00098,Customer 00098,Consumer,Surat,R04,2025-12-23
C00099,Customer 00099,Consumer,Bhubaneswar,R03,2024-08-27
C00100,Customer 00100,Consumer,Chandigarh,R01,2025-07-05
C00101,Customer 00101,Consumer,Bengaluru,R02,2024-08-11
C00102,Customer 00102,Consumer,Delhi,R01,2025-10-24
C00103,Customer 00103,Consumer,Kolkata,R03,2024-05-21
C00104,Customer 00104,SMB,Kochi,R02,2025-03-04
C00105,Customer 00105,Consumer,Delhi,R01,2025-09-05
C00106,Customer 00106,SMB,Surat,R04,2025-04-10
C00107,Customer 00107,Enterprise,Hyderabad,R02,2025-03-24
C00108,Customer 00108,SMB,Lucknow,R01,2024-09-24
C00109,Customer 00109,Enterprise,Pune,R04,2024-08-29
C00110,Customer 00110,Enterprise,Hyderabad,R02,2025-07-15
C00111,Customer 00111,Premium,Hyderabad,R02,2024-08-10
C00112,Customer 00112,Consumer,Kolkata,R03,2025-09-12
C00113,Customer 00113,SMB,Bhubaneswar,R03,2025-01-12
C00114,Customer 00114,Premium,Delhi,R01,2024-10-17
C00115,Customer 00115,Consumer,Guwahati,R03,2024-01-07
C00116,Customer 00116,Consumer,Bengaluru,R02,2024-05-19
C00117,Customer 00117,Consumer,Patna,R03,2024-11-02
C00118,Customer 00118,Consumer,Chennai,R02,2025-03-12
C00119,Customer 00119,SMB,Bengaluru,R02,2025-01-18
C00120,Customer 00120,SMB,Guwahati,R03,2025-12-17
C00121,Customer 00121,Enterprise,Pune,R04,2025-04-20
C00122,Customer 00122,Premium,Ahmedabad,R04,2025-06-10
C00123,Customer 00123,Enterprise,Patna,R03,2024-02-24
C00124,Customer 00124,Consumer,Lucknow,R01,2025-06-18
C00125,Customer 00125,SMB,Guwahati,R03,2024-10-31
C00126,Customer 00126,Consumer,Mumbai,R04,2025-12-19
C00127,Customer 00127,Enterprise,Ahmedabad,R04,2025-04-10
C00128,Customer 00128,Consumer,Chennai,R02,2024-03-31
C00129,Customer 00129,SMB,Patna,R03,2025-09-30
C00130,Customer 00130,Premium,Surat,R04,2024-12-05
C00131,Customer 00131,Enterprise,Jaipur,R01,2025-04-19
C00132,Customer 00132,Enterprise,Delhi,R01,2025-02-09
C00133,Customer 00133,Enterprise,Kochi,R02,2024-06-23
C00134,Customer 00134,Consumer,Delhi,R01,2024-09-29
C00135,Customer 00135,SMB,Chennai,R02,2025-07-10
C00136,Customer 00136,Enterprise,Guwahati,R03,2025-07-18
C00137,Customer 00137,Enterprise,Guwahati,R03,2024-10-05
C00138,Customer 00138,SMB,Chandigarh,R01,2024-06-20
C00139,Customer 00139,Consumer,Chandigarh,R01,2025-11-25
C00140,Customer 00140,Consumer,Bhubaneswar,R03,2025-05-09
C00141,Customer 00141,Enterprise,Pune,R04,2025-03-21
C00142,Customer 00142,Enterprise,Bhubaneswar,R03,2024-06-22
C00143,Customer 00143,Enterprise,Bhubaneswar,R03,2025-10-20
C00144,Customer 00144,Consumer,Hyderabad,R02,2025-03-06
C00145,Customer 00145,Enterprise,Jaipur,R01,2025-09-24
C00146,Customer 00146,Consumer,Lucknow,R01,2024-03-02
C00147,Customer 00147,Enterprise,Hyderabad,R02,2025-01-24
C00148,Customer 00148,Consumer,Ahmedabad,R04,2024-08-04
C00149,Customer 00149,SMB,Kolkata,R03,2024-05-16
C00150,Customer 00150,SMB,Surat,R04,2025-05-26
C00151,Customer 00151,Premium,Jaipur,R01,2024-06-09
C00152,Customer 00152,Consumer,Bengaluru,R02,2024-04-08
C00153,Customer 00153,Consumer,Delhi,R01,2025-02-09
C00154,Customer 00154,SMB,Jaipur,R01,2024-11-26
C00155,Customer 00155,Consumer,Pune,R04,2025-10-09
C00156,Customer 00156,SMB,Surat,R04,2025-07-02
C00157,Customer 00157,Enterprise,Pune,R04,2024-10-09
C00158,Customer 00158,Premium,Lucknow,R01,2024-08-25
C00159,Customer 00159,Enterprise,Hyderabad,R02,2024-06-06
C00160,Customer 00160,Consumer,Guwahati,R03,2025-04-22
C00161,Customer 00161,Consumer,Mumbai,R04,2024-05-09
C00162,Customer 00162,Consumer,Jaipur,R01,2025-09-30
C00163,Customer 00163,Enterprise,Lucknow,R01,2025-03-03
C00164,Customer 00164,SMB,Ahmedabad,R04,2024-11-16
C00165,Customer 00165,SMB,Surat,R04,2024-07-05
C00166,Customer 00166,Enterprise,Ahmedabad,R04,2025-10-20
C00167,Customer 00167,SMB,Chennai,R02,2024-08-21
C00168,Customer 00168,Premium,Jaipur,R01,2025-04-21
C00169,Customer 00169,Consumer,Ahmedabad,R04,2024-04-11
C00170,Customer 00170,Consumer,Chandigarh,R01,2025-12-01
C00171,Customer 00171,Consumer,Chennai,R02,2025-02-21
C00172,Customer 00172,SMB,Chandigarh,R01,2024-11-28
C00173,Customer 00173,Consumer,Pune,R04,2025-09-13
C00174,Customer 00174,Consumer,Lucknow,R01,2024-10-07
C00175,Customer 00175,Consumer,Ahmedabad,R04,2025-12-14
C00176,Customer 00176,Consumer,Bengaluru,R02,2024-10-14
C00177,Customer 00177,Consumer,Delhi,R01,2024-10-29
C00178,Customer 00178,SMB,Mumbai,R04,2024-01-01
C00179,Customer 00179,Consumer,Bengaluru,R02,2024-10-26
C00180,Customer 00180,Enterprise,Hyderabad,R02,2025-07-23
C00181,Customer 00181,Consumer,Bhubaneswar,R03,2025-03-12
C00182,Customer 00182,SMB,Chandigarh,R01,2024-12-16
C00183,Customer 00183,Consumer,Chennai,R02,2024-06-29
C00184,Customer 00184,SMB,Pune,R04,2024-02-05
C00185,Customer 00185,Consumer,Ahmedabad,R04,2025-03-16
C00186,Customer 00186,Premium,Jaipur,R01,2024-04-10
C00187,Customer 00187,Consumer,Delhi,R01,2025-08-19
C00188,Customer 00188,SMB,Delhi,R01,2024-03-21
C00189,Customer 00189,SMB,Chennai,R02,2024-06-17
C00190,Customer 00190,Consumer,Guwahati,R03,2025-09-12
C00191,Customer 00191,SMB,Kochi,R02,2024-11-30
C00192,Customer 00192,Enterprise,Chandigarh,R01,2025-07-18
C00193,Customer 00193,Premium,Bengaluru,R02,2025-02-10
C00194,Customer 00194,Premium,Kochi,R02,2025-03-16
C00195,Customer 00195,Enterprise,Jaipur,R01,2024-04-18
C00196,Customer 00196,SMB,Hyderabad,R02,2025-08-06
C00197,Customer 00197,Consumer,Chennai,R02,2025-04-09
C00198,Customer 00198,Consumer,Kochi,R02,2024-02-27
C00199,Customer 00199,Consumer,Bhubaneswar,R03,2025-05-27
C00200,Customer 00200,SMB,Lucknow,R01,2025-06-13
C00201,Customer 00201,Consumer,Hyderabad,R02,2024-03-31
C00202,Customer 00202,Consumer,Mumbai,R04,2025-03-09
C00203,Customer 00203,SMB,Mumbai,R04,2024-02-13
C00204,Customer 00204,Premium,Chandigarh,R01,2025-01-05
C00205,Customer 00205,Consumer,Chennai,R02,2025-02-07
C00206,Customer 00206,Consumer,Ahmedabad,R04,2025-03-02
C00207,Customer 00207,Enterprise,Patna,R03,2024-10-29
C00208,Customer 00208,Consumer,Kolkata,R03,2025-03-29
C00209,Customer 00209,SMB,Kolkata,R03,2024-04-06
C00210,Customer 00210,Enterprise,Bengaluru,R02,2025-04-29
C00211,Customer 00211,SMB,Delhi,R01,2024-04-24
C00212,Customer 00212,Consumer,Chandigarh,R01,2025-09-29
C00213,Customer 00213,SMB,Guwahati,R03,2025-01-18
C00214,Customer 00214,SMB,Kochi,R02,2025-05-09
C00215,Customer 00215,Enterprise,Ahmedabad,R04,2025-06-07
C00216,Customer 00216,SMB,Mumbai,R04,2024-11-02
C00217,Customer 00217,Enterprise,Mumbai,R04,2024-09-18
C00218,Customer 00218,Consumer,Bhubaneswar,R03,2024-10-24
C00219,Customer 00219,Consumer,Surat,R04,2024-04-26
C00220,Customer 00220,Premium,Bhubaneswar,R03,2024-04-19
C00221,Customer 00221,Consumer,Chennai,R02,2025-11-02
C00222,Customer 00222,Consumer,Surat,R04,2025-10-28
C00223,Customer 00223,Enterprise,Bengaluru,R02,2025-04-15
C00224,Customer 00224,SMB,Ahmedabad,R04,2024-10-03
C00225,Customer 00225,Enterprise,Lucknow,R01,2025-01-24
C00226,Customer 00226,Consumer,Surat,R04,2025-02-20
C00227,Customer 00227,Enterprise,Surat,R04,2025-09-20
C00228,Customer 00228,Consumer,Ahmedabad,R04,2024-03-13
C00229,Customer 00229,Consumer,Hyderabad,R02,2024-06-02
C00230,Customer 00230,SMB,Surat,R04,2024-10-02
C00231,Customer 00231,Consumer,Surat,R04,2025-04-02
C00232,Customer 00232,SMB,Bengaluru,R02,2025-03-20
C00233,Customer 00233,SMB,Bengaluru,R02,2025-02-24
C00234,Customer 00234,Consumer,Ahmedabad,R04,2024-12-07
C00235,Customer 00235,Consumer,Bengaluru,R02,2025-07-15
C00236,Customer 00236,SMB,Jaipur,R01,2024-04-28
C00237,Customer 00237,Premium,Jaipur,R01,2025-06-14
C00238,Customer 00238,Enterprise,Delhi,R01,2024-03-13
C00239,Customer 00239,Consumer,Patna,R03,2024-12-14
C00240,Customer 00240,SMB,Chandigarh,R01,2024-05-15
C00241,Customer 00241,Consumer,Jaipur,R01,2024-04-03
C00242,Customer 00242,Premium,Delhi,R01,2024-12-17
C00243,Customer 00243,SMB,Lucknow,R01,2025-10-07
C00244,Customer 00244,Consumer,Delhi,R01,2024-07-03
C00245,Customer 00245,Enterprise,Kochi,R02,2025-07-18
C00246,Customer 00246,Premium,Mumbai,R04,2025-12-19
C00247,Customer 00247,Consumer,Kochi,R02,2024-10-26
C00248,Customer 00248,SMB,Chandigarh,R01,2024-08-10
C00249,Customer 00249,Enterprise,Chennai,R02,2025-06-26
C00250,Customer 00250,Consumer,Bhubaneswar,R03,2025-01-30
C00251,Customer 00251,Consumer,Jaipur,R01,2024-03-18
C00252,Customer 00252,Enterprise,Pune,R04,2025-03-02
C00253,Customer 00253,Consumer,Bhubaneswar,R03,2025-09-01
C00254,Customer 00254,Enterprise,Chennai,R02,2025-07-08
C00255,Customer 00255,Premium,Delhi,R01,2024-10-25
C00256,Customer 00256,Consumer,Delhi,R01,2025-10-16
C00257,Customer 00257,Enterprise,Bengaluru,R02,2025-03-26
C00258,Customer 00258,Consumer,Lucknow,R01,2024-10-28
C00259,Customer 00259,SMB,Delhi,R01,2024-04-07
C00260,Customer 00260,Consumer,Ahmedabad,R04,2025-09-30
C00261,Customer 00261,Consumer,Guwahati,R03,2024-08-31
C00262,Customer 00262,Premium,Jaipur,R01,2024-04-27
C00263,Customer 00263,Enterprise,Chandigarh,R01,2024-08-27
C00264,Customer 00264,SMB,Bhubaneswar,R03,2024-12-24
C00265,Customer 00265,Consumer,Hyderabad,R02,2024-09-20
C00266,Customer 00266,Premium,Jaipur,R01,2024-04-01
C00267,Customer 00267,Premium,Jaipur,R01,2024-04-17
C00268,Customer 00268,Consumer,Jaipur,R01,2025-02-08
C00269,Customer 00269,Consumer,Jaipur,R01,2024-10-04
C00270,Customer 00270,Consumer,Delhi,R01,2025-10-31
C00271,Customer 00271,SMB,Ahmedabad,R04,2025-12-09
C00272,Customer 00272,Consumer,Hyderabad,R02,2025-01-23
C00273,Customer 00273,Enterprise,Surat,R04,2025-08-19
C00274,Customer 00274,Consumer,Bhubaneswar,R03,2024-12-08
C00275,Customer 00275,Consumer,Surat,R04,2025-02-12
C00276,Customer 00276,Enterprise,Chandigarh,R01,2024-09-06
C00277,Customer 00277,Enterprise,Guwahati,R03,2025-04-10
C00278,Customer 00278,Premium,Surat,R04,2024-06-03
C00279,Customer 00279,SMB,Bhubaneswar,R03,2025-07-04
C00280,Customer 00280,Consumer,Lucknow,R01,2025-12-26
C00281,Customer 00281,SMB,Mumbai,R04,2025-08-05
C00282,Customer 00282,SMB,Jaipur,R01,2024-04-21
C00283,Customer 00283,Premium,Bengaluru,R02,2025-04-17
C00284,Customer 00284,SMB,Bengaluru,R02,2025-06-14
C00285,Customer 00285,SMB,Hyderabad,R02,2024-02-23
C00286,Customer 00286,Consumer,Hyderabad,R02,2025-11-24
C00287,Customer 00287,SMB,Kolkata,R03,2025-12-20
C00288,Customer 00288,Consumer,Ahmedabad,R04,2024-01-30
C00289,Customer 00289,Enterprise,Kochi,R02,2024-07-21
C00290,Customer 00290,SMB,Pune,R04,2025-01-22
C00291,Customer 00291,Premium,Jaipur,R01,2025-06-05
C00292,Customer 00292,Consumer,Hyderabad,R02,2025-06-23
C00293,Customer 00293,SMB,Ahmedabad,R04,2025-03-06
C00294,Customer 00294,Consumer,Guwahati,R03,2025-10-24
C00295,Customer 00295,Consumer,Lucknow,R01,2025-05-23
C00296,Customer 00296,Consumer,Bengaluru,R02,2024-11-17
C00297,Customer 00297,SMB,Mumbai,R04,2024-04-05
C00298,Customer 00298,Consumer,Guwahati,R03,2025-04-28
C00299,Customer 00299,Consumer,Pune,R04,2024-04-28
C00300,Customer 00300,Consumer,Surat,R04,2025-09-20
C00301,Customer 00301,Consumer,Ahmedabad,R04,2025-09-27
C00302,Customer 00302,Consumer,Kochi,R02,2024-04-11
C00303,Customer 00303,Premium,Hyderabad,R02,2025-06-25
C00304,Customer 00304,SMB,Chandigarh,R01,2025-01-30
C00305,Customer 00305,SMB,Surat,R04,2025-06-28
C00306,Customer 00306,Consumer,Bengaluru,R02,2025-04-01
C00307,Customer 00307,Consumer,Patna,R03,2024-11-17
C00308,Customer 00308,Consumer,Guwahati,R03,2024-01-17
C00309,Customer 00309,SMB,Patna,R03,2024-09-21
C00310,Customer 00310,Enterprise,Chennai,R02,2025-11-14
C00311,Customer 00311,SMB,Bengaluru,R02,2025-05-29
C00312,Customer 00312,Consumer,Bengaluru,R02,2025-04-06
C00313,Customer 00313,Premium,Mumbai,R04,2025-11-27
C00314,Customer 00314,Premium,Pune,R04,2025-09-07
C00315,Customer 00315,Enterprise,Lucknow,R01,2024-06-19
C00316,Customer 00316,SMB,Mumbai,R04,2024-12-16
C00317,Customer 00317,SMB,Kolkata,R03,2025-04-07
C00318,Customer 00318,SMB,Bengaluru,R02,2024-07-07
C00319,Customer 00319,Consumer,Bengaluru,R02,2025-04-24
C00320,Customer 00320,Consumer,Pune,R04,2025-09-20
C00321,Customer 00321,Consumer,Chennai,R02,2024-11-27
C00322,Customer 00322,Consumer,Mumbai,R04,2025-09-04
C00323,Customer 00323,Consumer,Patna,R03,2024-03-25
C00324,Customer 00324,Consumer,Bengaluru,R02,2025-12-29
C00325,Customer 00325,Consumer,Mumbai,R04,2024-10-19
C00326,Customer 00326,Premium,Patna,R03,2025-11-12
C00327,Customer 00327,Consumer,Kolkata,R03,2025-03-05
C00328,Customer 00328,Enterprise,Mumbai,R04,2024-07-16
C00329,Customer 00329,Consumer,Lucknow,R01,2025-06-02
C00330,Customer 00330,Consumer,Ahmedabad,R04,2024-05-08
C00331,Customer 00331,SMB,Guwahati,R03,2024-08-03
C00332,Customer 00332,Premium,Patna,R03,2025-04-21
C00333,Customer 00333,SMB,Chandigarh,R01,2024-03-18
C00334,Customer 00334,Premium,Lucknow,R01,2025-06-15
C00335,Customer 00335,SMB,Bengaluru,R02,2024-05-09
C00336,Customer 00336,SMB,Chennai,R02,2024-02-07
C00337,Customer 00337,Enterprise,Pune,R04,2025-05-12
C00338,Customer 00338,Consumer,Surat,R04,2025-08-22
C00339,Customer 00339,Enterprise,Bengaluru,R02,2025-06-05
C00340,Customer 00340,Enterprise,Mumbai,R04,2024-12-24
C00341,Customer 00341,Enterprise,Chennai,R02,2025-10-30
C00342,Customer 00342,SMB,Jaipur,R01,2024-04-22
C00343,Customer 00343,Consumer,Chennai,R02,2024-06-14
C00344,Customer 00344,Enterprise,Delhi,R01,2024-11-14
C00345,Customer 00345,SMB,Delhi,R01,2025-06-29
C00346,Customer 00346,Consumer,Pune,R04,2024-05-02
C00347,Customer 00347,Enterprise,Chandigarh,R01,2025-02-07
C00348,Customer 00348,Consumer,Bhubaneswar,R03,2025-08-21
C00349,Customer 00349,Enterprise,Bengaluru,R02,2025-03-04
C00350,Customer 00350,SMB,Bengaluru,R02,2025-07-03
C00351,Customer 00351,SMB,Patna,R03,2024-08-13
C00352,Customer 00352,Consumer,Bengaluru,R02,2024-06-09
C00353,Customer 00353,Consumer,Patna,R03,2025-07-08
C00354,Customer 00354,Consumer,Jaipur,R01,2024-05-08
C00355,Customer 00355,Consumer,Chandigarh,R01,2025-05-25
C00356,Customer 00356,SMB,Surat,R04,2024-04-10
C00357,Customer 00357,Consumer,Jaipur,R01,2024-05-14
C00358,Customer 00358,Enterprise,Surat,R04,2025-12-13
C00359,Customer 00359,Consumer,Chennai,R02,2024-12-11
C00360,Customer 00360,Enterprise,Patna,R03,2024-07-30
C00361,Customer 00361,SMB,Lucknow,R01,2024-10-07
C00362,Customer 00362,Consumer,Pune,R04,2025-06-02
C00363,Customer 00363,SMB,Kolkata,R03,2024-09-28
C00364,Customer 00364,Consumer,Hyderabad,R02,2024-07-08
C00365,Customer 00365,Enterprise,Kochi,R02,2024-09-11
C00366,Customer 00366,Consumer,Kolkata,R03,2024-10-08
C00367,Customer 00367,Consumer,Lucknow,R01,2024-11-24
C00368,Customer 00368,Consumer,Guwahati,R03,2025-05-08
C00369,Customer 00369,Consumer,Chennai,R02,2025-03-12
C00370,Customer 00370,Consumer,Surat,R04,2025-04-16
C00371,Customer 00371,SMB,Surat,R04,2025-08-28
C00372,Customer 00372,Consumer,Kochi,R02,2025-11-13
C00373,Customer 00373,SMB,Chennai,R02,2024-12-04
C00374,Customer 00374,Consumer,Jaipur,R01,2025-05-11
C00375,Customer 00375,Consumer,Mumbai,R04,2024-03-17
C00376,Customer 00376,Consumer,Hyderabad,R02,2024-05-08
C00377,Customer 00377,Consumer,Patna,R03,2024-09-07
C00378,Customer 00378,Consumer,Chennai,R02,2024-02-10
C00379,Customer 00379,SMB,Bengaluru,R02,2024-11-01
C00380,Customer 00380,Premium,Chandigarh,R01,2025-10-10
C00381,Customer 00381,Consumer,Kolkata,R03,2024-02-07
C00382,Customer 00382,Consumer,Jaipur,R01,2025-03-28
C00383,Customer 00383,Enterprise,Chandigarh,R01,2024-03-16
C00384,Customer 00384,Premium,Ahmedabad,R04,2025-01-19
C00385,Customer 00385,Consumer,Chennai,R02,2024-02-15
C00386,Customer 00386,SMB,Bengaluru,R02,2025-11-23
C00387,Customer 00387,Consumer,Surat,R04,2025-08-07
C00388,Customer 00388,SMB,Pune,R04,2024-12-30
C00389,Customer 00389,Consumer,Kochi,R02,2025-08-10
C00390,Customer 00390,Consumer,Kochi,R02,2025-03-02
C00391,Customer 00391,Consumer,Bhubaneswar,R03,2025-12-17
C00392,Customer 00392,SMB,Chandigarh,R01,2025-09-24
C00393,Customer 00393,Consumer,Bhubaneswar,R03,2024-11-16
C00394,Customer 00394,Premium,Kochi,R02,2025-04-07
C00395,Customer 00395,Consumer,Surat,R04,2025-07-18
C00396,Customer 00396,SMB,Bengaluru,R02,2024-11-25
C00397,Customer 00397,SMB,Bengaluru,R02,2024-09-12
C00398,Customer 00398,Consumer,Bhubaneswar,R03,2024-08-22
C00399,Customer 00399,Consumer,Jaipur,R01,2024-08-11
C00400,Customer 00400,Consumer,Lucknow,R01,2025-06-11
C00401,Customer 00401,SMB,Mumbai,R04,2025-07-07
C00402,Customer 00402,Enterprise,Ahmedabad,R04,2024-07-06
C00403,Customer 00403,SMB,Surat,R04,2024-03-17
C00404,Customer 00404,Premium,Patna,R03,2024-02-08
C00405,Customer 00405,Premium,Pune,R04,2025-11-03
C00406,Customer 00406,Consumer,Patna,R03,2024-01-04
C00407,Customer 00407,SMB,Ahmedabad,R04,2024-03-01
C00408,Customer 00408,Enterprise,Jaipur,R01,2025-06-26
C00409,Customer 00409,SMB,Jaipur,R01,2024-11-26
C00410,Customer 00410,Consumer,Lucknow,R01,2025-07-28
C00411,Customer 00411,Consumer,Surat,R04,2025-09-13
C00412,Customer 00412,Consumer,Kolkata,R03,2024-07-16
C00413,Customer 00413,SMB,Kochi,R02,2024-06-05
C00414,Customer 00414,Premium,Kolkata,R03,2025-12-05
C00415,Customer 00415,Consumer,Surat,R04,2025-11-10
C00416,Customer 00416,Consumer,Patna,R03,2025-10-03
C00417,Customer 00417,Enterprise,Delhi,R01,2025-01-03
C00418,Customer 00418,Premium,Chennai,R02,2025-02-16
C00419,Customer 00419,Consumer,Guwahati,R03,2025-11-13
C00420,Customer 00420,Consumer,Chennai,R02,2024-10-31
C00421,Customer 00421,Enterprise,Surat,R04,2024-02-20
C00422,Customer 00422,Enterprise,Hyderabad,R02,2024-08-09
C00423,Customer 00423,SMB,Delhi,R01,2025-01-04
C00424,Customer 00424,Consumer,Bengaluru,R02,2025-05-18
C00425,Customer 00425,Consumer,Guwahati,R03,2025-07-31
C00426,Customer 00426,SMB,Kolkata,R03,2024-01-30
C00427,Customer 00427,Consumer,Ahmedabad,R04,2024-11-22
C00428,Customer 00428,Consumer,Lucknow,R01,2024-05-17
C00429,Customer 00429,Premium,Delhi,R01,2024-05-25
C00430,Customer 00430,Premium,Chennai,R02,2025-08-13
C00431,Customer 00431,SMB,Delhi,R01,2025-12-24
C00432,Customer 00432,Consumer,Surat,R04,2025-04-07
C00433,Customer 00433,Consumer,Jaipur,R01,2024-05-29
C00434,Customer 00434,Premium,Bhubaneswar,R03,2025-12-26
C00435,Customer 00435,SMB,Kolkata,R03,2025-02-01
C00436,Customer 00436,Consumer,Hyderabad,R02,2025-10-21
C00437,Customer 00437,Enterprise,Kochi,R02,2025-10-27
C00438,Customer 00438,Enterprise,Jaipur,R01,2024-02-13
C00439,Customer 00439,SMB,Mumbai,R04,2024-02-20
C00440,Customer 00440,Consumer,Surat,R04,2025-02-18
C00441,Customer 00441,Consumer,Pune,R04,2024-05-05
C00442,Customer 00442,Consumer,Pune,R04,2024-08-14
C00443,Customer 00443,Premium,Bhubaneswar,R03,2024-05-25
C00444,Customer 00444,SMB,Lucknow,R01,2025-09-25
C00445,Customer 00445,Premium,Patna,R03,2025-03-27
C00446,Customer 00446,Consumer,Pune,R04,2025-11-19
C00447,Customer 00447,SMB,Surat,R04,2024-10-10
C00448,Customer 00448,Premium,Patna,R03,2025-10-18
C00449,Customer 00449,SMB,Hyderabad,R02,2024-11-29
C00450,Customer 00450,Consumer,Kochi,R02,2024-10-09
C00451,Customer 00451,Consumer,Jaipur,R01,2025-06-12
C00452,Customer 00452,Consumer,Lucknow,R01,2025-07-23
C00453,Customer 00453,SMB,Chandigarh,R01,2024-03-04
C00454,Customer 00454,Consumer,Jaipur,R01,2024-04-24
C00455,Customer 00455,Consumer,Kochi,R02,2024-10-06
C00456,Customer 00456,Premium,Guwahati,R03,2025-11-14
C00457,Customer 00457,Consumer,Delhi,R01,2024-09-16
C00458,Customer 00458,Consumer,Chandigarh,R01,2024-02-16
C00459,Customer 00459,Premium,Lucknow,R01,2024-07-09
C00460,Customer 00460,Consumer,Guwahati,R03,2025-04-01
C00461,Customer 00461,SMB,Patna,R03,2025-04-20
C00462,Customer 00462,Consumer,Ahmedabad,R04,2025-11-23
C00463,Customer 00463,Consumer,Delhi,R01,2024-10-24
C00464,Customer 00464,Consumer,Hyderabad,R02,2025-11-21
C00465,Customer 00465,SMB,Kochi,R02,2024-11-04
C00466,Customer 00466,SMB,Lucknow,R01,2024-08-22
C00467,Customer 00467,Consumer,Lucknow,R01,2025-08-12
C00468,Customer 00468,Consumer,Chandigarh,R01,2025-06-10
C00469,Customer 00469,Consumer,Patna,R03,2025-08-23
C00470,Customer 00470,SMB,Lucknow,R01,2024-12-29
C00471,Customer 00471,Consumer,Lucknow,R01,2024-07-21
C00472,Customer 00472,SMB,Mumbai,R04,2024-12-20
C00473,Customer 00473,Consumer,Pune,R04,2025-06-19
C00474,Customer 00474,SMB,Kolkata,R03,2024-06-15
C00475,Customer 00475,Premium,Kolkata,R03,2024-01-13
C00476,Customer 00476,SMB,Bengaluru,R02,2025-10-16
C00477,Customer 00477,Enterprise,Kolkata,R03,2025-06-09
C00478,Customer 00478,Consumer,Guwahati,R03,2025-07-24
C00479,Customer 00479,Enterprise,Hyderabad,R02,2025-07-16
C00480,Customer 00480,SMB,Bhubaneswar,R03,2024-09-10
C00481,Customer 00481,Premium,Ahmedabad,R04,2025-05-29
C00482,Customer 00482,Enterprise,Hyderabad,R02,2024-11-06
C00483,Customer 00483,Enterprise,Hyderabad,R02,2024-12-23
C00484,Customer 00484,Enterprise,Hyderabad,R02,2024-06-06
C00485,Customer 00485,Consumer,Chennai,R02,2024-09-29
C00486,Customer 00486,Enterprise,Kolkata,R03,2025-06-29
C00487,Customer 00487,Consumer,Bhubaneswar,R03,2024-03-13
C00488,Customer 00488,Consumer,Surat,R04,2024-04-22
C00489,Customer 00489,SMB,Bengaluru,R02,2024-05-18
C00490,Customer 00490,SMB,Ahmedabad,R04,2025-07-09
C00491,Customer 00491,Consumer,Mumbai,R04,2025-07-28
C00492,Customer 00492,Consumer,Kochi,R02,2024-04-17
C00493,Customer 00493,Consumer,Jaipur,R01,2025-05-31
C00494,Customer 00494,Consumer,Patna,R03,2025-05-29
C00495,Customer 00495,Enterprise,Bengaluru,R02,2025-02-28
C00496,Customer 00496,Consumer,Kolkata,R03,2025-08-18
C00497,Customer 00497,Consumer,Kochi,R02,2024-09-04
C00498,Customer 00498,SMB,Chennai,R02,2024-05-08
C00499,Customer 00499,Consumer,Bengaluru,R02,2025-10-26
C00500,Customer 00500,Consumer,Mumbai,R04,2024-08-17
C00501,Customer 00501,Consumer,Chennai,R02,2025-05-26
C00502,Customer 00502,Consumer,Kochi,R02,2024-09-26
C00503,Customer 00503,Premium,Patna,R03,2024-09-23
C00504,Customer 00504,Enterprise,Hyderabad,R02,2025-04-14
C00505,Customer 00505,SMB,Patna,R03,2024-11-17
C00506,Customer 00506,Enterprise,Surat,R04,2025-10-25
C00507,Customer 00507,Consumer,Bengaluru,R02,2025-06-02
C00508,Customer 00508,SMB,Lucknow,R01,2024-12-14
C00509,Customer 00509,SMB,Bengaluru,R02,2025-07-11
C00510,Customer 00510,Consumer,Guwahati,R03,2025-09-02
C00511,Customer 00511,Enterprise,Kolkata,R03,2024-02-20
C00512,Customer 00512,Enterprise,Surat,R04,2025-12-27
C00513,Customer 00513,Consumer,Chandigarh,R01,2024-04-03
C00514,Customer 00514,SMB,Hyderabad,R02,2024-07-14
C00515,Customer 00515,Consumer,Patna,R03,2025-12-27
C00516,Customer 00516,Consumer,Guwahati,R03,2024-08-04
C00517,Customer 00517,Consumer,Delhi,R01,2025-04-04
C00518,Customer 00518,Enterprise,Surat,R04,2024-10-21
C00519,Customer 00519,Consumer,Lucknow,R01,2025-06-24
C00520,Customer 00520,Consumer,Delhi,R01,2025-08-15
C00521,Customer 00521,Consumer,Surat,R04,2024-08-06
C00522,Customer 00522,Consumer,Patna,R03,2025-08-17
C00523,Customer 00523,Premium,Pune,R04,2025-02-14
C00524,Customer 00524,Consumer,Chennai,R02,2024-11-09
C00525,Customer 00525,Enterprise,Bhubaneswar,R03,2025-03-20
C00526,Customer 00526,Enterprise,Ahmedabad,R04,2024-10-03
C00527,Customer 00527,Consumer,Mumbai,R04,2025-02-21
C00528,Customer 00528,Consumer,Bhubaneswar,R03,2025-12-26
C00529,Customer 00529,SMB,Delhi,R01,2025-06-16
C00530,Customer 00530,Consumer,Surat,R04,2024-03-06
C00531,Customer 00531,Consumer,Hyderabad,R02,2024-06-21
C00532,Customer 00532,Consumer,Delhi,R01,2024-05-22
C00533,Customer 00533,Enterprise,Bengaluru,R02,2025-01-19
C00534,Customer 00534,Premium,Guwahati,R03,2025-05-18
C00535,Customer 00535,Consumer,Jaipur,R01,2024-06-26
C00536,Customer 00536,SMB,Mumbai,R04,2024-06-28
C00537,Customer 00537,Consumer,Chandigarh,R01,2024-10-29
C00538,Customer 00538,Consumer,Chennai,R02,2024-05-26
C00539,Customer 00539,Consumer,Bengaluru,R02,2024-05-20
C00540,Customer 00540,Enterprise,Mumbai,R04,2025-10-24
C00541,Customer 00541,Consumer,Bhubaneswar,R03,2024-03-27
C00542,Customer 00542,Premium,Bengaluru,R02,2024-04-08
C00543,Customer 00543,Consumer,Bhubaneswar,R03,2024-10-21
C00544,Customer 00544,Consumer,Ahmedabad,R04,2024-10-18
C00545,Customer 00545,SMB,Delhi,R01,2024-11-12
C00546,Customer 00546,Premium,Mumbai,R04,2024-06-02
C00547,Customer 00547,Enterprise,Patna,R03,2024-02-22
C00548,Customer 00548,Enterprise,Lucknow,R01,2024-02-06
C00549,Customer 00549,SMB,Bhubaneswar,R03,2025-01-27
C00550,Customer 00550,Enterprise,Ahmedabad,R04,2024-04-03
C00551,Customer 00551,SMB,Chandigarh,R01,2025-12-12
C00552,Customer 00552,SMB,Chennai,R02,2025-10-01
C00553,Customer 00553,Enterprise,Ahmedabad,R04,2024-04-27
C00554,Customer 00554,Consumer,Guwahati,R03,2024-07-29
C00555,Customer 00555,SMB,Mumbai,R04,2025-05-05
C00556,Customer 00556,Consumer,Guwahati,R03,2025-03-01
C00557,Customer 00557,Premium,Surat,R04,2025-08-05
C00558,Customer 00558,SMB,Chandigarh,R01,2025-06-21
C00559,Customer 00559,Consumer,Hyderabad,R02,2024-09-02
C00560,Customer 00560,SMB,Pune,R04,2025-12-02
C00561,Customer 00561,Premium,Surat,R04,2024-10-13
C00562,Customer 00562,SMB,Bengaluru,R02,2025-04-10
C00563,Customer 00563,Consumer,Chandigarh,R01,2025-03-12
C00564,Customer 00564,Consumer,Hyderabad,R02,2025-10-01
C00565,Customer 00565,Consumer,Patna,R03,2025-03-21
C00566,Customer 00566,Consumer,Pune,R04,2025-10-06
C00567,Customer 00567,Consumer,Chandigarh,R01,2024-06-20
C00568,Customer 00568,Enterprise,Bhubaneswar,R03,2025-04-25
C00569,Customer 00569,Consumer,Mumbai,R04,2025-11-01
C00570,Customer 00570,SMB,Bhubaneswar,R03,2025-02-15
C00571,Customer 00571,Consumer,Chennai,R02,2025-08-20
C00572,Customer 00572,Consumer,Surat,R04,2024-01-23
C00573,Customer 00573,Consumer,Kochi,R02,2024-09-19
C00574,Customer 00574,Enterprise,Guwahati,R03,2024-07-07
C00575,Customer 00575,Enterprise,Lucknow,R01,2024-08-05
C00576,Customer 00576,Enterprise,Lucknow,R01,2025-01-22
C00577,Customer 00577,Consumer,Mumbai,R04,2024-10-24
C00578,Customer 00578,SMB,Jaipur,R01,2025-11-30
C00579,Customer 00579,Enterprise,Lucknow,R01,2025-11-08
C00580,Customer 00580,Consumer,Kolkata,R03,2024-12-13
C00581,Customer 00581,Consumer,Lucknow,R01,2024-01-13
C00582,Customer 00582,Consumer,Surat,R04,2025-08-15
C00583,Customer 00583,Consumer,Ahmedabad,R04,2024-07-11
C00584,Customer 00584,Premium,Mumbai,R04,2025-10-21
C00585,Customer 00585,Consumer,Pune,R04,2024-07-31
C00586,Customer 00586,Consumer,Delhi,R01,2024-03-06
C00587,Customer 00587,Premium,Chennai,R02,2024-03-05
C00588,Customer 00588,Enterprise,Delhi,R01,2024-04-06
C00589,Customer 00589,Enterprise,Guwahati,R03,2024-01-28
C00590,Customer 00590,SMB,Bhubaneswar,R03,2025-10-05
C00591,Customer 00591,SMB,Hyderabad,R02,2024-10-29
C00592,Customer 00592,SMB,Hyderabad,R02,2024-09-09
C00593,Customer 00593,Enterprise,Delhi,R01,2025-07-24
C00594,Customer 00594,Consumer,Bengaluru,R02,2024-04-22
C00595,Customer 00595,Consumer,Surat,R04,2025-11-26
C00596,Customer 00596,Consumer,Guwahati,R03,2025-09-17
C00597,Customer 00597,Consumer,Surat,R04,2025-07-03
C00598,Customer 00598,Premium,Jaipur,R01,2025-05-17
C00599,Customer 00599,SMB,Jaipur,R01,2024-06-30
C00600,Customer 00600,SMB,Bengaluru,R02,2025-02-08
C00601,Customer 00601,SMB,Hyderabad,R02,2025-11-06
C00602,Customer 00602,SMB,Jaipur,R01,2025-05-21
C00603,Customer 00603,Consumer,Guwahati,R03,2025-07-02
C00604,Customer 00604,Consumer,Chennai,R02,2024-10-25
C00605,Customer 00605,Consumer,Mumbai,R04,2025-08-30
C00606,Customer 00606,Enterprise,Patna,R03,2024-06-22
C00607,Customer 00607,Enterprise,Hyderabad,R02,2025-12-02
C00608,Customer 00608,SMB,Hyderabad,R02,2024-12-30
C00609,Customer 00609,SMB,Patna,R03,2025-12-01
C00610,Customer 00610,Enterprise,Guwahati,R03,2025-03-15
C00611,Customer 00611,SMB,Delhi,R01,2025-05-03
C00612,Customer 00612,SMB,Hyderabad,R02,2025-11-03
C00613,Customer 00613,Premium,Bhubaneswar,R03,2025-01-09
C00614,Customer 00614,Consumer,Hyderabad,R02,2024-05-12
C00615,Customer 00615,Consumer,Delhi,R01,2025-04-16
C00616,Customer 00616,Enterprise,Bengaluru,R02,2025-07-15
C00617,Customer 00617,SMB,Kolkata,R03,2025-12-13
C00618,Customer 00618,Consumer,Delhi,R01,2025-11-17
C00619,Customer 00619,Consumer,Hyderabad,R02,2024-10-15
C00620,Customer 00620,Enterprise,Bhubaneswar,R03,2024-10-27
C00621,Customer 00621,Premium,Delhi,R01,2025-11-20
C00622,Customer 00622,Enterprise,Kolkata,R03,2025-07-05
C00623,Customer 00623,Consumer,Kochi,R02,2025-06-13
C00624,Customer 00624,Consumer,Bengaluru,R02,2024-07-01
C00625,Customer 00625,Premium,Guwahati,R03,2024-01-07
C00626,Customer 00626,SMB,Mumbai,R04,2025-01-19
C00627,Customer 00627,Premium,Patna,R03,2024-08-23
C00628,Customer 00628,Enterprise,Jaipur,R01,2025-01-20
C00629,Customer 00629,Consumer,Jaipur,R01,2024-06-25
C00630,Customer 00630,Premium,Pune,R04,2025-12-20
C00631,Customer 00631,Consumer,Patna,R03,2024-01-28
C00632,Customer 00632,SMB,Hyderabad,R02,2025-02-03
C00633,Customer 00633,SMB,Lucknow,R01,2024-10-28
C00634,Customer 00634,Consumer,Hyderabad,R02,2025-06-30
C00635,Customer 00635,Consumer,Bengaluru,R02,2024-11-09
C00636,Customer 00636,Consumer,Lucknow,R01,2025-09-12
C00637,Customer 00637,Enterprise,Delhi,R01,2025-12-19
C00638,Customer 00638,Consumer,Kolkata,R03,2024-01-16
C00639,Customer 00639,SMB,Delhi,R01,2025-10-13
C00640,Customer 00640,Consumer,Hyderabad,R02,2024-02-17
C00641,Customer 00641,Consumer,Ahmedabad,R04,2024-01-17
C00642,Customer 00642,SMB,Mumbai,R04,2024-04-23
C00643,Customer 00643,Consumer,Jaipur,R01,2024-10-06
C00644,Customer 00644,Enterprise,Jaipur,R01,2025-08-09
C00645,Customer 00645,Consumer,Delhi,R01,2025-03-09
C00646,Customer 00646,Consumer,Pune,R04,2025-02-05
C00647,Customer 00647,SMB,Mumbai,R04,2024-04-12
C00648,Customer 00648,Premium,Kolkata,R03,2025-03-13
C00649,Customer 00649,Consumer,Pune,R04,2025-11-03
C00650,Customer 00650,Consumer,Kochi,R02,2024-09-19
C00651,Customer 00651,Consumer,Kolkata,R03,2024-12-17
C00652,Customer 00652,Consumer,Bhubaneswar,R03,2024-01-14
C00653,Customer 00653,SMB,Guwahati,R03,2025-04-06
C00654,Customer 00654,SMB,Ahmedabad,R04,2025-08-14
C00655,Customer 00655,SMB,Delhi,R01,2025-03-29
C00656,Customer 00656,Consumer,Guwahati,R03,2024-06-28
C00657,Customer 00657,SMB,Mumbai,R04,2024-04-28
C00658,Customer 00658,Enterprise,Chennai,R02,2024-05-08
C00659,Customer 00659,Consumer,Patna,R03,2025-03-20
C00660,Customer 00660,Premium,Ahmedabad,R04,2024-01-14
C00661,Customer 00661,Consumer,Patna,R03,2025-09-29
C00662,Customer 00662,Premium,Ahmedabad,R04,2025-12-09
C00663,Customer 00663,SMB,Chandigarh,R01,2025-07-30
C00664,Customer 00664,SMB,Delhi,R01,2025-09-12
C00665,Customer 00665,Consumer,Ahmedabad,R04,2025-04-10
C00666,Customer 00666,Enterprise,Guwahati,R03,2024-04-22
C00667,Customer 00667,SMB,Kolkata,R03,2024-05-13
C00668,Customer 00668,SMB,Ahmedabad,R04,2024-12-10
C00669,Customer 00669,Premium,Bhubaneswar,R03,2024-04-05
C00670,Customer 00670,Consumer,Kolkata,R03,2024-09-26
C00671,Customer 00671,SMB,Chennai,R02,2025-03-08
C00672,Customer 00672,Consumer,Ahmedabad,R04,2025-06-19
C00673,Customer 00673,Consumer,Surat,R04,2024-05-25
C00674,Customer 00674,SMB,Surat,R04,2024-06-25
C00675,Customer 00675,Consumer,Kochi,R02,2024-03-10
C00676,Customer 00676,Consumer,Guwahati,R03,2025-12-21
C00677,Customer 00677,SMB,Chennai,R02,2025-09-18
C00678,Customer 00678,SMB,Bengaluru,R02,2024-02-22
C00679,Customer 00679,Consumer,Surat,R04,2025-01-08
C00680,Customer 00680,SMB,Chennai,R02,2025-09-09
C00681,Customer 00681,Consumer,Kochi,R02,2025-08-07
C00682,Customer 00682,Consumer,Pune,R04,2025-04-20
C00683,Customer 00683,SMB,Kochi,R02,2024-07-25
C00684,Customer 00684,SMB,Jaipur,R01,2024-04-21
C00685,Customer 00685,Consumer,Delhi,R01,2024-11-27
C00686,Customer 00686,Consumer,Delhi,R01,2024-11-17
C00687,Customer 00687,Consumer,Guwahati,R03,2024-11-06
C00688,Customer 00688,Consumer,Lucknow,R01,2025-03-24
C00689,Customer 00689,Consumer,Hyderabad,R02,2024-10-28
C00690,Customer 00690,SMB,Jaipur,R01,2024-06-30
C00691,Customer 00691,Enterprise,Bengaluru,R02,2024-01-05
C00692,Customer 00692,SMB,Kochi,R02,2025-01-22
C00693,Customer 00693,SMB,Delhi,R01,2025-07-06
C00694,Customer 00694,Consumer,Kochi,R02,2024-11-03
C00695,Customer 00695,Premium,Chandigarh,R01,2024-08-24
C00696,Customer 00696,Enterprise,Chandigarh,R01,2025-03-15
C00697,Customer 00697,Enterprise,Pune,R04,2025-01-01
C00698,Customer 00698,Premium,Bhubaneswar,R03,2025-11-09
C00699,Customer 00699,Consumer,Kolkata,R03,2025-12-01
C00700,Customer 00700,Consumer,Guwahati,R03,2024-04-17
C00701,Customer 00701,Consumer,Chandigarh,R01,2024-02-26
C00702,Customer 00702,Consumer,Chennai,R02,2025-09-07
C00703,Customer 00703,Premium,Jaipur,R01,2024-07-31
C00704,Customer 00704,Consumer,Chennai,R02,2024-04-05
C00705,Customer 00705,Consumer,Patna,R03,2025-07-29
C00706,Customer 00706,Consumer,Kolkata,R03,2024-03-07
C00707,Customer 00707,SMB,Chandigarh,R01,2025-12-21
C00708,Customer 00708,SMB,Surat,R04,2024-07-07
C00709,Customer 00709,Consumer,Patna,R03,2024-04-04
C00710,Customer 00710,Consumer,Bengaluru,R02,2025-09-16
C00711,Customer 00711,Premium,Hyderabad,R02,2024-06-14
C00712,Customer 00712,Consumer,Lucknow,R01,2024-08-08
C00713,Customer 00713,Consumer,Bengaluru,R02,2025-06-05
C00714,Customer 00714,SMB,Bhubaneswar,R03,2024-05-12
C00715,Customer 00715,Consumer,Bengaluru,R02,2024-10-19
C00716,Customer 00716,SMB,Bengaluru,R02,2025-06-07
C00717,Customer 00717,Enterprise,Bhubaneswar,R03,2024-02-10
C00718,Customer 00718,Premium,Bhubaneswar,R03,2024-06-05
C00719,Customer 00719,Consumer,Bengaluru,R02,2025-02-16
C00720,Customer 00720,Consumer,Hyderabad,R02,2024-03-31
C00721,Customer 00721,Consumer,Guwahati,R03,2024-08-04
C00722,Customer 00722,SMB,Surat,R04,2025-11-14
C00723,Customer 00723,SMB,Lucknow,R01,2025-05-15
C00724,Customer 00724,Consumer,Pune,R04,2024-09-06
C00725,Customer 00725,SMB,Lucknow,R01,2025-07-24
C00726,Customer 00726,Consumer,Jaipur,R01,2025-03-23
C00727,Customer 00727,Consumer,Chandigarh,R01,2024-07-07
C00728,Customer 00728,Consumer,Chandigarh,R01,2024-03-20
C00729,Customer 00729,Consumer,Bengaluru,R02,2024-09-14
C00730,Customer 00730,Consumer,Bengaluru,R02,2024-05-20
C00731,Customer 00731,Consumer,Bengaluru,R02,2024-09-06
C00732,Customer 00732,Consumer,Bengaluru,R02,2024-03-06
C00733,Customer 00733,Enterprise,Delhi,R01,2025-03-13
C00734,Customer 00734,SMB,Pune,R04,2025-11-08
C00735,Customer 00735,Consumer,Ahmedabad,R04,2024-01-25
C00736,Customer 00736,Enterprise,Mumbai,R04,2025-07-12
C00737,Customer 00737,Consumer,Kochi,R02,2024-03-29
C00738,Customer 00738,Consumer,Ahmedabad,R04,2025-08-11
C00739,Customer 00739,Consumer,Chandigarh,R01,2025-11-07
C00740,Customer 00740,Consumer,Pune,R04,2025-07-16
C00741,Customer 00741,Consumer,Hyderabad,R02,2025-05-03
C00742,Customer 00742,SMB,Ahmedabad,R04,2025-08-06
C00743,Customer 00743,Consumer,Patna,R03,2025-07-02
C00744,Customer 00744,Consumer,Kochi,R02,2024-10-29
C00745,Customer 00745,Consumer,Bhubaneswar,R03,2025-12-09
C00746,Customer 00746,Enterprise,Kochi,R02,2024-11-06
C00747,Customer 00747,Enterprise,Jaipur,R01,2025-10-31
C00748,Customer 00748,SMB,Kochi,R02,2024-08-27
C00749,Customer 00749,Consumer,Jaipur,R01,2024-09-30
C00750,Customer 00750,Consumer,Kolkata,R03,2024-04-20
C00751,Customer 00751,Consumer,Guwahati,R03,2024-12-18
C00752,Customer 00752,Premium,Surat,R04,2024-07-06
C00753,Customer 00753,Premium,Chandigarh,R01,2025-02-26
C00754,Customer 00754,SMB,Mumbai,R04,2024-04-13
C00755,Customer 00755,Enterprise,Kolkata,R03,2024-08-09
C00756,Customer 00756,Premium,Bhubaneswar,R03,2024-07-11
C00757,Customer 00757,SMB,Mumbai,R04,2024-10-06
C00758,Customer 00758,SMB,Bhubaneswar,R03,2024-02-12
C00759,Customer 00759,Consumer,Chandigarh,R01,2025-01-06
C00760,Customer 00760,SMB,Bhubaneswar,R03,2024-07-07
C00761,Customer 00761,Premium,Chennai,R02,2024-07-09
C00762,Customer 00762,Consumer,Pune,R04,2024-05-15
C00763,Customer 00763,SMB,Lucknow,R01,2024-12-24
C00764,Customer 00764,Consumer,Bengaluru,R02,2024-04-24
C00765,Customer 00765,SMB,Patna,R03,2024-08-17
C00766,Customer 00766,Premium,Pune,R04,2024-12-18
C00767,Customer 00767,Consumer,Mumbai,R04,2025-03-02
C00768,Customer 00768,Consumer,Ahmedabad,R04,2025-11-22
C00769,Customer 00769,SMB,Bengaluru,R02,2025-06-22
C00770,Customer 00770,Enterprise,Bengaluru,R02,2024-05-18
C00771,Customer 00771,SMB,Pune,R04,2025-03-23
C00772,Customer 00772,SMB,Lucknow,R01,2024-01-29
C00773,Customer 00773,SMB,Jaipur,R01,2024-11-21
C00774,Customer 00774,Enterprise,Chandigarh,R01,2025-11-24
C00775,Customer 00775,Consumer,Kochi,R02,2025-09-12
C00776,Customer 00776,SMB,Kochi,R02,2024-09-25
C00777,Customer 00777,Consumer,Bengaluru,R02,2024-12-08
C00778,Customer 00778,Consumer,Hyderabad,R02,2024-07-04
C00779,Customer 00779,Consumer,Delhi,R01,2024-08-12
C00780,Customer 00780,Consumer,Bhubaneswar,R03,2024-10-10
C00781,Customer 00781,Enterprise,Guwahati,R03,2024-01-13
C00782,Customer 00782,Premium,Bengaluru,R02,2025-03-04
C00783,Customer 00783,Premium,Hyderabad,R02,2025-10-27
C00784,Customer 00784,Consumer,Pune,R04,2024-02-12
C00785,Customer 00785,Premium,Ahmedabad,R04,2025-08-07
C00786,Customer 00786,SMB,Chennai,R02,2024-03-08
C00787,Customer 00787,Enterprise,Delhi,R01,2024-01-22
C00788,Customer 00788,Enterprise,Kolkata,R03,2025-06-12
C00789,Customer 00789,SMB,Guwahati,R03,2024-11-21
C00790,Customer 00790,Enterprise,Ahmedabad,R04,2025-09-06
C00791,Customer 00791,SMB,Delhi,R01,2025-06-01
C00792,Customer 00792,SMB,Delhi,R01,2025-09-20
C00793,Customer 00793,Consumer,Bengaluru,R02,2025-10-16
C00794,Customer 00794,Consumer,Hyderabad,R02,2025-05-28
C00795,Customer 00795,Enterprise,Kolkata,R03,2025-06-03
C00796,Customer 00796,Consumer,Mumbai,R04,2024-05-25
C00797,Customer 00797,SMB,Chandigarh,R01,2025-03-04
C00798,Customer 00798,Consumer,Kolkata,R03,2024-08-12
C00799,Customer 00799,SMB,Kolkata,R03,2025-03-26
C00800,Customer 00800,SMB,Chandigarh,R01,2024-01-04
C00801,Customer 00801,Enterprise,Surat,R04,2024-06-02
C00802,Customer 00802,Consumer,Chennai,R02,2024-12-20
C00803,Customer 00803,SMB,Jaipur,R01,2025-02-12
C00804,Customer 00804,Enterprise,Bengaluru,R02,2025-03-12
C00805,Customer 00805,Consumer,Patna,R03,2024-10-13
C00806,Customer 00806,Consumer,Chennai,R02,2024-05-11
C00807,Customer 00807,Consumer,Jaipur,R01,2024-03-14
C00808,Customer 00808,Premium,Surat,R04,2024-12-28
C00809,Customer 00809,Consumer,Mumbai,R04,2024-01-20
C00810,Customer 00810,Consumer,Hyderabad,R02,2024-02-28
C00811,Customer 00811,Consumer,Kochi,R02,2024-03-30
C00812,Customer 00812,SMB,Delhi,R01,2025-02-22
C00813,Customer 00813,Consumer,Ahmedabad,R04,2024-08-16
C00814,Customer 00814,Consumer,Pune,R04,2024-04-11
C00815,Customer 00815,Enterprise,Lucknow,R01,2025-08-30
C00816,Customer 00816,Consumer,Hyderabad,R02,2025-02-18
C00817,Customer 00817,Consumer,Chennai,R02,2025-01-12
C00818,Customer 00818,SMB,Patna,R03,2024-07-29
C00819,Customer 00819,Enterprise,Delhi,R01,2025-05-31
C00820,Customer 00820,Consumer,Mumbai,R04,2024-03-05
C00821,Customer 00821,Enterprise,Mumbai,R04,2025-06-20
C00822,Customer 00822,Consumer,Jaipur,R01,2025-02-04
C00823,Customer 00823,SMB,Kochi,R02,2024-01-21
C00824,Customer 00824,Consumer,Patna,R03,2025-12-23
C00825,Customer 00825,Consumer,Patna,R03,2024-07-31
C00826,Customer 00826,SMB,Chennai,R02,2025-10-09
C00827,Customer 00827,Consumer,Ahmedabad,R04,2025-08-27
C00828,Customer 00828,SMB,Chennai,R02,2024-09-24
C00829,Customer 00829,Consumer,Bengaluru,R02,2025-05-23
C00830,Customer 00830,Consumer,Kochi,R02,2024-07-02
C00831,Customer 00831,Enterprise,Delhi,R01,2024-06-03
C00832,Customer 00832,SMB,Guwahati,R03,2024-04-07
C00833,Customer 00833,Consumer,Surat,R04,2024-11-14
C00834,Customer 00834,Consumer,Lucknow,R01,2024-01-07
C00835,Customer 00835,Premium,Kochi,R02,2024-07-15
C00836,Customer 00836,Consumer,Jaipur,R01,2025-06-30
C00837,Customer 00837,Enterprise,Ahmedabad,R04,2025-09-08
C00838,Customer 00838,SMB,Hyderabad,R02,2024-01-08
C00839,Customer 00839,Consumer,Chandigarh,R01,2024-10-16
C00840,Customer 00840,SMB,Lucknow,R01,2024-03-31
C00841,Customer 00841,Enterprise,Guwahati,R03,2025-05-19
C00842,Customer 00842,Enterprise,Pune,R04,2025-10-13
C00843,Customer 00843,SMB,Delhi,R01,2025-06-28
C00844,Customer 00844,Premium,Kochi,R02,2024-08-28
C00845,Customer 00845,Premium,Guwahati,R03,2024-12-30
C00846,Customer 00846,SMB,Chennai,R02,2025-01-27
C00847,Customer 00847,Consumer,Chennai,R02,2025-12-14
C00848,Customer 00848,Premium,Kolkata,R03,2024-02-19
C00849,Customer 00849,Consumer,Mumbai,R04,2025-07-02
C00850,Customer 00850,Premium,Surat,R04,2024-03-11
C00851,Customer 00851,Consumer,Ahmedabad,R04,2024-02-10
C00852,Customer 00852,Enterprise,Patna,R03,2025-04-06
C00853,Customer 00853,SMB,Chandigarh,R01,2025-10-03
C00854,Customer 00854,SMB,Bhubaneswar,R03,2024-08-23
C00855,Customer 00855,SMB,Chandigarh,R01,2024-05-19
C00856,Customer 00856,Enterprise,Bhubaneswar,R03,2024-11-15
C00857,Customer 00857,Consumer,Kochi,R02,2024-01-05
C00858,Customer 00858,SMB,Lucknow,R01,2025-01-28
C00859,Customer 00859,Consumer,Ahmedabad,R04,2024-12-17
C00860,Customer 00860,SMB,Kochi,R02,2025-03-01
C00861,Customer 00861,SMB,Hyderabad,R02,2024-05-18
C00862,Customer 00862,SMB,Bhubaneswar,R03,2025-07-30
C00863,Customer 00863,SMB,Ahmedabad,R04,2025-07-21
C00864,Customer 00864,SMB,Delhi,R01,2024-07-18
C00865,Customer 00865,SMB,Surat,R04,2024-08-29
C00866,Customer 00866,Consumer,Jaipur,R01,2025-03-08
C00867,Customer 00867,Enterprise,Lucknow,R01,2024-10-04
C00868,Customer 00868,Consumer,Patna,R03,2025-03-07
C00869,Customer 00869,Enterprise,Bhubaneswar,R03,2024-01-27
C00870,Customer 00870,Consumer,Bhubaneswar,R03,2025-01-14
C00871,Customer 00871,Consumer,Chennai,R02,2024-10-01
C00872,Customer 00872,Premium,Delhi,R01,2024-09-29
C00873,Customer 00873,Consumer,Hyderabad,R02,2025-11-20
C00874,Customer 00874,Enterprise,Delhi,R01,2024-09-03
C00875,Customer 00875,Enterprise,Pune,R04,2025-08-08
C00876,Customer 00876,SMB,Ahmedabad,R04,2024-03-21
C00877,Customer 00877,Consumer,Surat,R04,2024-05-20
C00878,Customer 00878,Enterprise,Chandigarh,R01,2025-11-05
C00879,Customer 00879,SMB,Guwahati,R03,2025-04-13
C00880,Customer 00880,SMB,Lucknow,R01,2025-08-21
C00881,Customer 00881,SMB,Delhi,R01,2025-07-18
C00882,Customer 00882,Consumer,Pune,R04,2025-08-28
C00883,Customer 00883,Premium,Mumbai,R04,2025-04-26
C00884,Customer 00884,SMB,Mumbai,R04,2025-01-23
C00885,Customer 00885,Consumer,Pune,R04,2025-09-28
C00886,Customer 00886,Consumer,Jaipur,R01,2024-03-11
C00887,Customer 00887,Consumer,Kochi,R02,2024-01-16
C00888,Customer 00888,Consumer,Chandigarh,R01,2025-02-04
C00889,Customer 00889,SMB,Chennai,R02,2025-08-12
C00890,Customer 00890,Premium,Kochi,R02,2025-04-02
C00891,Customer 00891,Premium,Chennai,R02,2024-02-06
C00892,Customer 00892,SMB,Surat,R04,2025-08-28
C00893,Customer 00893,SMB,Guwahati,R03,2025-01-10
C00894,Customer 00894,Premium,Guwahati,R03,2024-01-13
C00895,Customer 00895,Enterprise,Ahmedabad,R04,2024-04-14
C00896,Customer 00896,SMB,Bengaluru,R02,2024-01-10
C00897,Customer 00897,Consumer,Hyderabad,R02,2025-01-14
C00898,Customer 00898,SMB,Kochi,R02,2024-07-01
C00899,Customer 00899,Premium,Pune,R04,2024-11-20
C00900,Customer 00900,Consumer,Lucknow,R01,2024-08-21
C00901,Customer 00901,SMB,Guwahati,R03,2024-03-20
C00902,Customer 00902,Consumer,Patna,R03,2025-11-24
C00903,Customer 00903,Consumer,Guwahati,R03,2024-06-22
C00904,Customer 00904,Consumer,Bengaluru,R02,2024-12-04
C00905,Customer 00905,SMB,Ahmedabad,R04,2024-03-25
C00906,Customer 00906,SMB,Kolkata,R03,2025-01-12
C00907,Customer 00907,Consumer,Bengaluru,R02,2025-06-14
C00908,Customer 00908,Premium,Jaipur,R01,2025-04-23
C00909,Customer 00909,SMB,Chennai,R02,2025-04-12
C00910,Customer 00910,SMB,Pune,R04,2025-08-26
C00911,Customer 00911,SMB,Lucknow,R01,2025-08-07
C00912,Customer 00912,Premium,Surat,R04,2024-03-30
C00913,Customer 00913,Enterprise,Chennai,R02,2024-09-16
C00914,Customer 00914,Consumer,Lucknow,R01,2024-05-22
C00915,Customer 00915,Consumer,Bhubaneswar,R03,2024-05-29
C00916,Customer 00916,Consumer,Delhi,R01,2024-11-25
C00917,Customer 00917,Enterprise,Surat,R04,2025-07-23
C00918,Customer 00918,Consumer,Patna,R03,2024-03-31
C00919,Customer 00919,Consumer,Patna,R03,2024-09-27
C00920,Customer 00920,Premium,Kochi,R02,2025-11-19
C00921,Customer 00921,SMB,Bengaluru,R02,2025-01-16
C00922,Customer 00922,Consumer,Hyderabad,R02,2025-07-04
C00923,Customer 00923,SMB,Delhi,R01,2025-08-09
C00924,Customer 00924,Consumer,Chandigarh,R01,2025-05-01
C00925,Customer 00925,Enterprise,Kochi,R02,2025-01-20
C00926,Customer 00926,Consumer,Bengaluru,R02,2025-07-18
C00927,Customer 00927,Consumer,Jaipur,R01,2024-10-01
C00928,Customer 00928,Premium,Ahmedabad,R04,2025-08-23
C00929,Customer 00929,Premium,Kochi,R02,2024-09-13
C00930,Customer 00930,SMB,Lucknow,R01,2025-11-11
C00931,Customer 00931,SMB,Jaipur,R01,2024-09-09
C00932,Customer 00932,Consumer,Chennai,R02,2024-07-29
C00933,Customer 00933,SMB,Mumbai,R04,2025-08-31
C00934,Customer 00934,SMB,Ahmedabad,R04,2025-04-05
C00935,Customer 00935,SMB,Jaipur,R01,2025-03-25
C00936,Customer 00936,Consumer,Delhi,R01,2025-08-23
C00937,Customer 00937,Enterprise,Guwahati,R03,2025-12-25
C00938,Customer 00938,Consumer,Bhubaneswar,R03,2025-09-21
C00939,Customer 00939,SMB,Surat,R04,2025-11-04
C00940,Customer 00940,Enterprise,Mumbai,R04,2025-04-30
C00941,Customer 00941,Consumer,Chandigarh,R01,2024-06-19
C00942,Customer 00942,SMB,Pune,R04,2025-06-27
C00943,Customer 00943,Consumer,Surat,R04,2024-10-25
C00944,Customer 00944,Consumer,Guwahati,R03,2024-03-18
C00945,Customer 00945,Consumer,Kochi,R02,2025-10-28
C00946,Customer 00946,SMB,Hyderabad,R02,2024-06-28
C00947,Customer 00947,Enterprise,Patna,R03,2025-03-19
C00948,Customer 00948,SMB,Lucknow,R01,2025-02-23
C00949,Customer 00949,Consumer,Hyderabad,R02,2024-07-27
C00950,Customer 00950,SMB,Bengaluru,R02,2024-12-10
C00951,Customer 00951,SMB,Lucknow,R01,2025-07-26
C00952,Customer 00952,Consumer,Ahmedabad,R04,2025-06-28
C00953,Customer 00953,Enterprise,Patna,R03,2024-07-18
C00954,Customer 00954,Consumer,Delhi,R01,2025-03-01
C00955,Customer 00955,Consumer,Ahmedabad,R04,2025-06-25
C00956,Customer 00956,SMB,Kolkata,R03,2024-07-05
C00957,Customer 00957,Consumer,Chandigarh,R01,2024-02-14
C00958,Customer 00958,Enterprise,Mumbai,R04,2025-12-21
C00959,Customer 00959,Enterprise,Delhi,R01,2025-01-31
C00960,Customer 00960,Enterprise,Chandigarh,R01,2024-10-14
C00961,Customer 00961,SMB,Ahmedabad,R04,2024-01-19
C00962,Customer 00962,SMB,Hyderabad,R02,2025-08-15
C00963,Customer 00963,Enterprise,Jaipur,R01,2024-08-15
C00964,Customer 00964,SMB,Jaipur,R01,2024-05-04
C00965,Customer 00965,Consumer,Surat,R04,2024-08-07
C00966,Customer 00966,Enterprise,Chandigarh,R01,2024-04-11
C00967,Customer 00967,SMB,Mumbai,R04,2025-01-18
C00968,Customer 00968,SMB,Pune,R04,2024-01-09
C00969,Customer 00969,Enterprise,Guwahati,R03,2024-07-02
C00970,Customer 00970,Consumer,Hyderabad,R02,2024-10-26
C00971,Customer 00971,Enterprise,Hyderabad,R02,2024-08-12
C00972,Customer 00972,Enterprise,Delhi,R01,2024-10-14
C00973,Customer 00973,Consumer,Mumbai,R04,2024-05-24
C00974,Customer 00974,Consumer,Kolkata,R03,2024-08-31
C00975,Customer 00975,Consumer,Bhubaneswar,R03,2024-02-11
C00976,Customer 00976,SMB,Bhubaneswar,R03,2025-05-30
C00977,Customer 00977,Enterprise,Mumbai,R04,2025-01-24
C00978,Customer 00978,Consumer,Delhi,R01,2025-07-12
C00979,Customer 00979,Consumer,Kochi,R02,2025-07-19
C00980,Customer 00980,Consumer,Chandigarh,R01,2024-12-28
C00981,Customer 00981,SMB,Mumbai,R04,2025-01-23
C00982,Customer 00982,Enterprise,Mumbai,R04,2024-02-28
C00983,Customer 00983,Enterprise,Kochi,R02,2025-01-06
C00984,Customer 00984,SMB,Guwahati,R03,2025-05-07
C00985,Customer 00985,Premium,Hyderabad,R02,2025-03-23
C00986,Customer 00986,Consumer,Lucknow,R01,2024-08-18
C00987,Customer 00987,Consumer,Patna,R03,2024-03-05
C00988,Customer 00988,Premium,Kolkata,R03,2025-09-06
C00989,Customer 00989,Enterprise,Chennai,R02,2024-06-08
C00990,Customer 00990,Enterprise,Mumbai,R04,2024-02-05
C00991,Customer 00991,SMB,Bhubaneswar,R03,2025-02-08
C00992,Customer 00992,Consumer,Kolkata,R03,2024-07-08
C00993,Customer 00993,Consumer,Chennai,R02,2024-03-08
C00994,Customer 00994,Consumer,Kolkata,R03,2024-09-13
C00995,Customer 00995,SMB,Ahmedabad,R04,2025-06-04
C00996,Customer 00996,Consumer,Guwahati,R03,2025-11-13
C00997,Customer 00997,Consumer,Patna,R03,2024-12-01
C00998,Customer 00998,Enterprise,Kolkata,R03,2025-12-22
C00999,Customer 00999,SMB,Lucknow,R01,2025-09-12
C01000,Customer 01000,Enterprise,Hyderabad,R02,2025-05-11
C01001,Customer 01001,SMB,Kochi,R02,2025-03-20
C01002,Customer 01002,Consumer,Jaipur,R01,2025-03-10
C01003,Customer 01003,Consumer,Chennai,R02,2025-02-21
C01004,Customer 01004,Consumer,Patna,R03,2024-05-14
C01005,Customer 01005,Enterprise,Delhi,R01,2024-05-31
C01006,Customer 01006,Consumer,Bhubaneswar,R03,2024-01-30
C01007,Customer 01007,Consumer,Hyderabad,R02,2025-07-13
C01008,Customer 01008,Premium,Bhubaneswar,R03,2024-11-13
C01009,Customer 01009,SMB,Pune,R04,2025-03-21
C01010,Customer 01010,Premium,Chandigarh,R01,2025-11-28
C01011,Customer 01011,SMB,Ahmedabad,R04,2024-06-27
C01012,Customer 01012,Enterprise,Chandigarh,R01,2025-08-16
C01013,Customer 01013,SMB,Delhi,R01,2025-02-03
C01014,Customer 01014,SMB,Chennai,R02,2025-08-26
C01015,Customer 01015,SMB,Hyderabad,R02,2024-12-26
C01016,Customer 01016,Consumer,Hyderabad,R02,2024-09-28
C01017,Customer 01017,Consumer,Chandigarh,R01,2025-02-01
C01018,Customer 01018,Consumer,Kochi,R02,2024-06-28
C01019,Customer 01019,Consumer,Hyderabad,R02,2025-03-04
C01020,Customer 01020,Consumer,Delhi,R01,2025-07-14
C01021,Customer 01021,Consumer,Bhubaneswar,R03,2024-08-15
C01022,Customer 01022,Enterprise,Pune,R04,2024-08-22
C01023,Customer 01023,SMB,Kochi,R02,2025-11-29
C01024,Customer 01024,SMB,Chennai,R02,2025-06-29
C01025,Customer 01025,SMB,Pune,R04,2024-06-05
C01026,Customer 01026,Consumer,Hyderabad,R02,2024-03-17
C01027,Customer 01027,Consumer,Mumbai,R04,2025-04-20
C01028,Customer 01028,Consumer,Bhubaneswar,R03,2025-11-10
C01029,Customer 01029,SMB,Ahmedabad,R04,2024-01-13
C01030,Customer 01030,Consumer,Jaipur,R01,2024-07-01
C01031,Customer 01031,Consumer,Mumbai,R04,2024-04-15
C01032,Customer 01032,Consumer,Bengaluru,R02,2025-01-21
C01033,Customer 01033,Consumer,Delhi,R01,2024-08-17
C01034,Customer 01034,SMB,Bhubaneswar,R03,2024-08-28
C01035,Customer 01035,Consumer,Chennai,R02,2024-12-25
C01036,Customer 01036,Consumer,Pune,R04,2024-03-20
C01037,Customer 01037,Premium,Delhi,R01,2025-02-19
C01038,Customer 01038,Premium,Guwahati,R03,2025-03-21
C01039,Customer 01039,Premium,Kolkata,R03,2024-10-21
C01040,Customer 01040,Consumer,Chandigarh,R01,2025-03-30
C01041,Customer 01041,Premium,Jaipur,R01,2024-08-12
C01042,Customer 01042,Consumer,Jaipur,R01,2025-12-28
C01043,Customer 01043,Premium,Guwahati,R03,2025-03-08
C01044,Customer 01044,SMB,Jaipur,R01,2025-11-04
C01045,Customer 01045,Consumer,Guwahati,R03,2025-01-12
C01046,Customer 01046,SMB,Kolkata,R03,2025-05-06
C01047,Customer 01047,Consumer,Chennai,R02,2024-07-05
C01048,Customer 01048,SMB,Surat,R04,2024-01-26
C01049,Customer 01049,Consumer,Surat,R04,2025-09-29
C01050,Customer 01050,Consumer,Delhi,R01,2025-05-07
C01051,Customer 01051,SMB,Lucknow,R01,2024-10-27
C01052,Customer 01052,SMB,Bhubaneswar,R03,2024-09-23
C01053,Customer 01053,Consumer,Guwahati,R03,2025-10-28
C01054,Customer 01054,SMB,Guwahati,R03,2025-10-05
C01055,Customer 01055,Consumer,Pune,R04,2025-06-03
C01056,Customer 01056,Consumer,Chandigarh,R01,2024-06-27
C01057,Customer 01057,Consumer,Chandigarh,R01,2024-04-05
C01058,Customer 01058,Consumer,Surat,R04,2024-05-03
C01059,Customer 01059,Consumer,Bhubaneswar,R03,2025-01-28
C01060,Customer 01060,Enterprise,Mumbai,R04,2025-11-30
C01061,Customer 01061,Enterprise,Mumbai,R04,2024-05-17
C01062,Customer 01062,SMB,Jaipur,R01,2025-10-28
C01063,Customer 01063,Consumer,Jaipur,R01,2025-01-17
C01064,Customer 01064,Premium,Jaipur,R01,2024-06-30
C01065,Customer 01065,Premium,Chandigarh,R01,2025-10-27
C01066,Customer 01066,Consumer,Lucknow,R01,2025-03-08
C01067,Customer 01067,Consumer,Ahmedabad,R04,2025-09-03
C01068,Customer 01068,Consumer,Chennai,R02,2025-02-22
C01069,Customer 01069,SMB,Bengaluru,R02,2024-07-04
C01070,Customer 01070,SMB,Jaipur,R01,2025-11-10
C01071,Customer 01071,SMB,Kochi,R02,2025-05-11
C01072,Customer 01072,Enterprise,Kolkata,R03,2025-06-06
C01073,Customer 01073,Consumer,Lucknow,R01,2025-06-26
C01074,Customer 01074,Consumer,Lucknow,R01,2025-03-18
C01075,Customer 01075,Consumer,Kolkata,R03,2025-12-04
C01076,Customer 01076,SMB,Patna,R03,2024-04-27
C01077,Customer 01077,Enterprise,Patna,R03,2024-04-12
C01078,Customer 01078,SMB,Kochi,R02,2025-02-04
C01079,Customer 01079,SMB,Jaipur,R01,2024-04-06
C01080,Customer 01080,Consumer,Chandigarh,R01,2025-12-15
C01081,Customer 01081,SMB,Patna,R03,2024-12-07
C01082,Customer 01082,Consumer,Jaipur,R01,2025-06-28
C01083,Customer 01083,SMB,Kochi,R02,2025-01-24
C01084,Customer 01084,Enterprise,Jaipur,R01,2024-02-28
C01085,Customer 01085,Enterprise,Bengaluru,R02,2024-12-22
C01086,Customer 01086,Consumer,Pune,R04,2025-05-24
C01087,Customer 01087,Premium,Ahmedabad,R04,2024-06-30
C01088,Customer 01088,Consumer,Lucknow,R01,2024-08-26
C01089,Customer 01089,Enterprise,Bengaluru,R02,2025-03-08
C01090,Customer 01090,Consumer,Chennai,R02,2025-02-20
C01091,Customer 01091,Consumer,Chennai,R02,2025-09-12
C01092,Customer 01092,Consumer,Mumbai,R04,2025-03-15
C01093,Customer 01093,Consumer,Kochi,R02,2024-09-28
C01094,Customer 01094,Premium,Bengaluru,R02,2024-06-16
C01095,Customer 01095,SMB,Lucknow,R01,2025-10-27
C01096,Customer 01096,SMB,Jaipur,R01,2024-05-14
C01097,Customer 01097,Premium,Pune,R04,2025-05-06
C01098,Customer 01098,Enterprise,Pune,R04,2024-11-22
C01099,Customer 01099,SMB,Chandigarh,R01,2024-08-17
C01100,Customer 01100,Consumer,Guwahati,R03,2025-11-01
C01101,Customer 01101,Consumer,Chandigarh,R01,2025-08-25
C01102,Customer 01102,SMB,Kolkata,R03,2025-07-25
C01103,Customer 01103,SMB,Pune,R04,2024-05-24
C01104,Customer 01104,Consumer,Chandigarh,R01,2024-06-06
C01105,Customer 01105,Consumer,Lucknow,R01,2024-04-11
C01106,Customer 01106,Consumer,Delhi,R01,2025-10-06
C01107,Customer 01107,Consumer,Jaipur,R01,2025-04-20
C01108,Customer 01108,Consumer,Delhi,R01,2025-06-18
C01109,Customer 01109,Premium,Chennai,R02,2024-02-20
C01110,Customer 01110,Enterprise,Ahmedabad,R04,2025-06-12
C01111,Customer 01111,Consumer,Chandigarh,R01,2024-01-06
C01112,Customer 01112,Consumer,Kolkata,R03,2025-03-20
C01113,Customer 01113,Consumer,Delhi,R01,2024-07-01
C01114,Customer 01114,Enterprise,Bhubaneswar,R03,2025-07-24
C01115,Customer 01115,Consumer,Bhubaneswar,R03,2024-12-05
C01116,Customer 01116,Premium,Hyderabad,R02,2025-02-03
C01117,Customer 01117,Premium,Kochi,R02,2024-05-09
C01118,Customer 01118,SMB,Pune,R04,2025-12-05
C01119,Customer 01119,Consumer,Mumbai,R04,2024-08-22
C01120,Customer 01120,Consumer,Hyderabad,R02,2024-07-07
C01121,Customer 01121,Consumer,Surat,R04,2024-02-09
C01122,Customer 01122,SMB,Ahmedabad,R04,2025-07-09
C01123,Customer 01123,Consumer,Lucknow,R01,2025-06-02
C01124,Customer 01124,Premium,Bhubaneswar,R03,2024-05-16
C01125,Customer 01125,Consumer,Bengaluru,R02,2024-10-01
C01126,Customer 01126,SMB,Guwahati,R03,2025-04-24
C01127,Customer 01127,Consumer,Hyderabad,R02,2025-07-10
C01128,Customer 01128,Consumer,Patna,R03,2024-07-16
C01129,Customer 01129,Consumer,Kolkata,R03,2025-08-08
C01130,Customer 01130,Consumer,Kochi,R02,2024-11-27
C01131,Customer 01131,SMB,Kolkata,R03,2024-07-03
C01132,Customer 01132,Premium,Lucknow,R01,2025-05-17
C01133,Customer 01133,Premium,Jaipur,R01,2025-01-29
C01134,Customer 01134,SMB,Lucknow,R01,2024-02-01
C01135,Customer 01135,Enterprise,Patna,R03,2025-02-14
C01136,Customer 01136,Consumer,Delhi,R01,2025-07-21
C01137,Customer 01137,Consumer,Jaipur,R01,2024-12-06
C01138,Customer 01138,Enterprise,Mumbai,R04,2024-02-16
C01139,Customer 01139,Enterprise,Hyderabad,R02,2024-02-19
C01140,Customer 01140,Consumer,Kolkata,R03,2025-09-18
C01141,Customer 01141,SMB,Chennai,R02,2024-08-07
C01142,Customer 01142,Consumer,Kochi,R02,2024-03-31
C01143,Customer 01143,Consumer,Bengaluru,R02,2025-09-14
C01144,Customer 01144,Consumer,Chandigarh,R01,2025-10-30
C01145,Customer 01145,Premium,Surat,R04,2025-11-19
C01146,Customer 01146,SMB,Delhi,R01,2025-06-05
C01147,Customer 01147,Consumer,Lucknow,R01,2024-02-18
C01148,Customer 01148,SMB,Lucknow,R01,2024-02-25
C01149,Customer 01149,SMB,Kochi,R02,2024-05-06
C01150,Customer 01150,SMB,Guwahati,R03,2025-12-19
C01151,Customer 01151,Enterprise,Chennai,R02,2025-06-22
C01152,Customer 01152,SMB,Hyderabad,R02,2024-01-04
C01153,Customer 01153,Consumer,Patna,R03,2025-08-18
C01154,Customer 01154,Consumer,Kochi,R02,2024-05-06
C01155,Customer 01155,SMB,Mumbai,R04,2024-04-16
C01156,Customer 01156,Consumer,Mumbai,R04,2024-04-14
C01157,Customer 01157,Consumer,Chennai,R02,2024-06-27
C01158,Customer 01158,SMB,Bhubaneswar,R03,2025-05-25
C01159,Customer 01159,SMB,Pune,R04,2025-02-26
C01160,Customer 01160,Premium,Lucknow,R01,2024-04-22
C01161,Customer 01161,Premium,Patna,R03,2025-08-16
C01162,Customer 01162,Premium,Ahmedabad,R04,2025-04-19
C01163,Customer 01163,Consumer,Pune,R04,2024-06-19
C01164,Customer 01164,Consumer,Delhi,R01,2024-03-20
C01165,Customer 01165,SMB,Bhubaneswar,R03,2025-12-09
C01166,Customer 01166,Consumer,Surat,R04,2025-03-06
C01167,Customer 01167,Consumer,Ahmedabad,R04,2025-03-21
C01168,Customer 01168,Consumer,Chandigarh,R01,2024-07-23
C01169,Customer 01169,Enterprise,Pune,R04,2024-01-25
C01170,Customer 01170,Consumer,Pune,R04,2025-05-22
C01171,Customer 01171,SMB,Surat,R04,2024-12-06
C01172,Customer 01172,SMB,Jaipur,R01,2025-04-18
C01173,Customer 01173,Consumer,Jaipur,R01,2024-04-06
C01174,Customer 01174,Consumer,Bhubaneswar,R03,2024-03-13
C01175,Customer 01175,Premium,Delhi,R01,2024-06-25
C01176,Customer 01176,Consumer,Chennai,R02,2024-09-16
C01177,Customer 01177,SMB,Patna,R03,2025-06-04
C01178,Customer 01178,Consumer,Surat,R04,2024-08-06
C01179,Customer 01179,Consumer,Ahmedabad,R04,2024-07-24
C01180,Customer 01180,SMB,Ahmedabad,R04,2025-10-03
C01181,Customer 01181,SMB,Chandigarh,R01,2024-10-28
C01182,Customer 01182,Consumer,Kochi,R02,2024-12-22
C01183,Customer 01183,Consumer,Kochi,R02,2025-08-14
C01184,Customer 01184,Consumer,Bengaluru,R02,2025-02-16
C01185,Customer 01185,SMB,Delhi,R01,2024-08-05
C01186,Customer 01186,Consumer,Delhi,R01,2024-12-14
C01187,Customer 01187,Consumer,Delhi,R01,2025-12-15
C01188,Customer 01188,Consumer,Pune,R04,2025-11-25
C01189,Customer 01189,SMB,Surat,R04,2024-05-06
C01190,Customer 01190,SMB,Guwahati,R03,2025-06-02
C01191,Customer 01191,SMB,Patna,R03,2024-10-30
C01192,Customer 01192,Consumer,Kolkata,R03,2024-08-24
C01193,Customer 01193,Consumer,Guwahati,R03,2024-01-26
C01194,Customer 01194,Consumer,Chennai,R02,2024-03-09
C01195,Customer 01195,SMB,Ahmedabad,R04,2024-04-09
C01196,Customer 01196,Consumer,Chennai,R02,2024-03-06
C01197,Customer 01197,SMB,Bengaluru,R02,2025-06-15
C01198,Customer 01198,SMB,Guwahati,R03,2024-12-24
C01199,Customer 01199,Enterprise,Chandigarh,R01,2025-11-29
C01200,Customer 01200,Consumer,Kochi,R02,2024-12-15
C01201,Customer 01201,Consumer,Chandigarh,R01,2024-11-21
C01202,Customer 01202,SMB,Kochi,R02,2025-12-30
C01203,Customer 01203,Consumer,Chennai,R02,2024-05-30
C01204,Customer 01204,Consumer,Jaipur,R01,2025-03-13
C01205,Customer 01205,Premium,Chandigarh,R01,2025-01-22
C01206,Customer 01206,Consumer,Patna,R03,2025-03-26
C01207,Customer 01207,Enterprise,Chennai,R02,2025-09-25
C01208,Customer 01208,Consumer,Delhi,R01,2024-03-03
C01209,Customer 01209,Consumer,Chennai,R02,2025-08-05
C01210,Customer 01210,SMB,Kolkata,R03,2025-08-07
C01211,Customer 01211,Consumer,Chandigarh,R01,2024-03-08
C01212,Customer 01212,Consumer,Surat,R04,2025-01-04
C01213,Customer 01213,Consumer,Chandigarh,R01,2025-05-21
C01214,Customer 01214,Consumer,Delhi,R01,2024-06-26
C01215,Customer 01215,SMB,Jaipur,R01,2025-02-14
C01216,Customer 01216,SMB,Surat,R04,2024-08-01
C01217,Customer 01217,Enterprise,Jaipur,R01,2024-09-30
C01218,Customer 01218,SMB,Delhi,R01,2024-03-16
C01219,Customer 01219,Enterprise,Hyderabad,R02,2024-04-10
C01220,Customer 01220,Consumer,Patna,R03,2025-07-18
C01221,Customer 01221,Consumer,Mumbai,R04,2025-10-15
C01222,Customer 01222,SMB,Delhi,R01,2024-08-28
C01223,Customer 01223,SMB,Bengaluru,R02,2025-11-13
C01224,Customer 01224,SMB,Hyderabad,R02,2025-05-09
C01225,Customer 01225,Consumer,Pune,R04,2024-07-19
C01226,Customer 01226,Consumer,Patna,R03,2025-03-11
C01227,Customer 01227,SMB,Bhubaneswar,R03,2024-08-28
C01228,Customer 01228,Consumer,Bhubaneswar,R03,2024-04-08
C01229,Customer 01229,Consumer,Chandigarh,R01,2025-09-25
C01230,Customer 01230,SMB,Mumbai,R04,2024-04-29
C01231,Customer 01231,Consumer,Bhubaneswar,R03,2025-04-25
C01232,Customer 01232,Premium,Ahmedabad,R04,2024-11-28
C01233,Customer 01233,Enterprise,Jaipur,R01,2024-12-18
C01234,Customer 01234,Consumer,Ahmedabad,R04,2025-02-10
C01235,Customer 01235,SMB,Guwahati,R03,2025-11-16
C01236,Customer 01236,Consumer,Ahmedabad,R04,2024-11-16
C01237,Customer 01237,SMB,Mumbai,R04,2024-06-24
C01238,Customer 01238,Enterprise,Ahmedabad,R04,2024-01-21
C01239,Customer 01239,Consumer,Surat,R04,2025-06-16
C01240,Customer 01240,SMB,Delhi,R01,2025-05-20
C01241,Customer 01241,Enterprise,Mumbai,R04,2024-11-17
C01242,Customer 01242,Enterprise,Bhubaneswar,R03,2025-10-24
C01243,Customer 01243,SMB,Surat,R04,2024-09-26
C01244,Customer 01244,Consumer,Kochi,R02,2025-01-04
C01245,Customer 01245,Consumer,Ahmedabad,R04,2025-01-29
C01246,Customer 01246,Consumer,Guwahati,R03,2024-02-09
C01247,Customer 01247,SMB,Kolkata,R03,2024-02-16
C01248,Customer 01248,Enterprise,Ahmedabad,R04,2024-02-11
C01249,Customer 01249,Consumer,Kochi,R02,2024-07-18
C01250,Customer 01250,Consumer,Kolkata,R03,2024-10-20
C01251,Customer 01251,Consumer,Hyderabad,R02,2025-09-28
C01252,Customer 01252,Enterprise,Ahmedabad,R04,2025-11-05
C01253,Customer 01253,SMB,Guwahati,R03,2025-10-19
C01254,Customer 01254,Consumer,Pune,R04,2024-06-29
C01255,Customer 01255,Consumer,Lucknow,R01,2024-11-19
C01256,Customer 01256,SMB,Bengaluru,R02,2024-01-06
C01257,Customer 01257,Consumer,Bengaluru,R02,2024-02-04
C01258,Customer 01258,Enterprise,Chandigarh,R01,2024-09-22
C01259,Customer 01259,SMB,Jaipur,R01,2025-05-25
C01260,Customer 01260,Enterprise,Pune,R04,2024-08-27
C01261,Customer 01261,SMB,Lucknow,R01,2025-04-12
C01262,Customer 01262,Premium,Delhi,R01,2024-01-26
C01263,Customer 01263,Premium,Patna,R03,2024-05-25
C01264,Customer 01264,Enterprise,Mumbai,R04,2024-01-15
C01265,Customer 01265,Enterprise,Bengaluru,R02,2024-09-11
C01266,Customer 01266,Enterprise,Jaipur,R01,2024-07-29
C01267,Customer 01267,SMB,Chandigarh,R01,2024-10-11
C01268,Customer 01268,Premium,Bengaluru,R02,2024-08-14
C01269,Customer 01269,Consumer,Pune,R04,2025-08-02
C01270,Customer 01270,SMB,Bhubaneswar,R03,2024-10-25
C01271,Customer 01271,Enterprise,Bhubaneswar,R03,2024-11-09
C01272,Customer 01272,SMB,Mumbai,R04,2025-11-11
C01273,Customer 01273,SMB,Bengaluru,R02,2024-02-29
C01274,Customer 01274,SMB,Surat,R04,2025-02-14
C01275,Customer 01275,SMB,Lucknow,R01,2024-08-11
C01276,Customer 01276,SMB,Patna,R03,2024-06-01
C01277,Customer 01277,Consumer,Hyderabad,R02,2025-11-29
C01278,Customer 01278,Consumer,Ahmedabad,R04,2025-03-21
C01279,Customer 01279,SMB,Patna,R03,2025-06-30
C01280,Customer 01280,Enterprise,Pune,R04,2024-10-13
C01281,Customer 01281,SMB,Pune,R04,2024-10-08
C01282,Customer 01282,SMB,Lucknow,R01,2025-04-15
C01283,Customer 01283,SMB,Lucknow,R01,2024-11-09
C01284,Customer 01284,Consumer,Ahmedabad,R04,2025-05-12
C01285,Customer 01285,SMB,Patna,R03,2024-03-31
C01286,Customer 01286,Premium,Mumbai,R04,2025-12-10
C01287,Customer 01287,SMB,Surat,R04,2025-09-11
C01288,Customer 01288,Enterprise,Delhi,R01,2025-01-31
C01289,Customer 01289,Enterprise,Guwahati,R03,2025-09-06
C01290,Customer 01290,SMB,Lucknow,R01,2024-10-05
C01291,Customer 01291,Consumer,Pune,R04,2025-11-11
C01292,Customer 01292,SMB,Jaipur,R01,2025-09-03
C01293,Customer 01293,Consumer,Chennai,R02,2024-01-20
C01294,Customer 01294,SMB,Chennai,R02,2024-04-29
C01295,Customer 01295,Consumer,Kochi,R02,2025-06-04
C01296,Customer 01296,Consumer,Patna,R03,2024-04-22
C01297,Customer 01297,SMB,Kochi,R02,2025-01-29
C01298,Customer 01298,Consumer,Pune,R04,2024-06-13
C01299,Customer 01299,SMB,Bhubaneswar,R03,2025-12-12
C01300,Customer 01300,Enterprise,Mumbai,R04,2024-03-24
C01301,Customer 01301,SMB,Kochi,R02,2024-07-24
C01302,Customer 01302,Consumer,Chennai,R02,2025-01-14
C01303,Customer 01303,SMB,Chandigarh,R01,2025-01-26
C01304,Customer 01304,SMB,Ahmedabad,R04,2025-03-30
C01305,Customer 01305,SMB,Guwahati,R03,2024-02-25
C01306,Customer 01306,Premium,Surat,R04,2024-05-14
C01307,Customer 01307,Enterprise,Kochi,R02,2024-01-12
C01308,Customer 01308,Consumer,Hyderabad,R02,2025-09-03
C01309,Customer 01309,Consumer,Chandigarh,R01,2024-06-19
C01310,Customer 01310,Consumer,Kochi,R02,2024-11-21
C01311,Customer 01311,Enterprise,Bhubaneswar,R03,2024-11-04
C01312,Customer 01312,Consumer,Hyderabad,R02,2025-06-28
C01313,Customer 01313,Enterprise,Chandigarh,R01,2025-04-02
C01314,Customer 01314,Premium,Hyderabad,R02,2025-06-11
C01315,Customer 01315,Consumer,Surat,R04,2024-03-24
C01316,Customer 01316,Consumer,Hyderabad,R02,2025-07-22
C01317,Customer 01317,Consumer,Kochi,R02,2024-06-16
C01318,Customer 01318,Consumer,Pune,R04,2024-03-04
C01319,Customer 01319,Enterprise,Kochi,R02,2025-06-26
C01320,Customer 01320,Consumer,Pune,R04,2025-11-25
C01321,Customer 01321,Consumer,Bhubaneswar,R03,2024-01-04
C01322,Customer 01322,Premium,Patna,R03,2024-06-09
C01323,Customer 01323,Consumer,Mumbai,R04,2024-06-29
C01324,Customer 01324,Consumer,Lucknow,R01,2024-05-25
C01325,Customer 01325,Consumer,Hyderabad,R02,2025-01-12
C01326,Customer 01326,SMB,Kolkata,R03,2025-10-11
C01327,Customer 01327,Consumer,Guwahati,R03,2024-09-14
C01328,Customer 01328,Premium,Chandigarh,R01,2024-08-22
C01329,Customer 01329,Consumer,Guwahati,R03,2025-06-15
C01330,Customer 01330,SMB,Chennai,R02,2025-09-01
C01331,Customer 01331,Enterprise,Hyderabad,R02,2024-05-31
C01332,Customer 01332,Consumer,Patna,R03,2025-04-14
C01333,Customer 01333,Premium,Delhi,R01,2025-01-12
C01334,Customer 01334,SMB,Patna,R03,2024-10-30
C01335,Customer 01335,Enterprise,Chennai,R02,2024-02-23
C01336,Customer 01336,SMB,Jaipur,R01,2025-08-10
C01337,Customer 01337,Consumer,Bhubaneswar,R03,2024-03-24
C01338,Customer 01338,Consumer,Ahmedabad,R04,2024-05-08
C01339,Customer 01339,Consumer,Patna,R03,2024-06-21
C01340,Customer 01340,Enterprise,Bengaluru,R02,2024-06-29
C01341,Customer 01341,Consumer,Pune,R04,2025-10-26
C01342,Customer 01342,Consumer,Hyderabad,R02,2024-05-28
C01343,Customer 01343,Consumer,Mumbai,R04,2025-10-10
C01344,Customer 01344,Consumer,Hyderabad,R02,2025-10-04
C01345,Customer 01345,Premium,Delhi,R01,2024-12-14
C01346,Customer 01346,Consumer,Mumbai,R04,2025-05-10
C01347,Customer 01347,Consumer,Bengaluru,R02,2024-08-31
C01348,Customer 01348,SMB,Chandigarh,R01,2024-10-04
C01349,Customer 01349,SMB,Pune,R04,2025-06-23
C01350,Customer 01350,Enterprise,Chennai,R02,2024-09-09
C01351,Customer 01351,Consumer,Surat,R04,2025-11-06
C01352,Customer 01352,Consumer,Bhubaneswar,R03,2024-07-22
C01353,Customer 01353,Consumer,Lucknow,R01,2025-12-24
C01354,Customer 01354,Consumer,Hyderabad,R02,2024-12-21
C01355,Customer 01355,Consumer,Mumbai,R04,2024-09-27
C01356,Customer 01356,Consumer,Ahmedabad,R04,2025-03-25
C01357,Customer 01357,SMB,Kolkata,R03,2025-03-31
C01358,Customer 01358,Enterprise,Chandigarh,R01,2025-01-31
C01359,Customer 01359,Consumer,Pune,R04,2025-03-08
C01360,Customer 01360,Consumer,Jaipur,R01,2024-01-19
C01361,Customer 01361,Consumer,Patna,R03,2024-11-03
C01362,Customer 01362,Consumer,Patna,R03,2025-05-14
C01363,Customer 01363,Consumer,Delhi,R01,2024-06-24
C01364,Customer 01364,Enterprise,Patna,R03,2024-11-16
C01365,Customer 01365,Enterprise,Patna,R03,2025-11-30
C01366,Customer 01366,Enterprise,Ahmedabad,R04,2025-07-04
C01367,Customer 01367,Enterprise,Surat,R04,2024-10-26
C01368,Customer 01368,SMB,Surat,R04,2025-11-13
C01369,Customer 01369,SMB,Lucknow,R01,2025-05-08
C01370,Customer 01370,Enterprise,Mumbai,R04,2024-11-10
C01371,Customer 01371,Premium,Surat,R04,2025-03-19
C01372,Customer 01372,Enterprise,Lucknow,R01,2025-06-02
C01373,Customer 01373,Premium,Patna,R03,2024-11-23
C01374,Customer 01374,Consumer,Guwahati,R03,2025-02-26
C01375,Customer 01375,Consumer,Patna,R03,2024-12-12
C01376,Customer 01376,Consumer,Patna,R03,2025-08-03
C01377,Customer 01377,Consumer,Kolkata,R03,2024-01-20
C01378,Customer 01378,Consumer,Surat,R04,2025-01-07
C01379,Customer 01379,Consumer,Lucknow,R01,2025-09-20
C01380,Customer 01380,Consumer,Surat,R04,2024-08-13
C01381,Customer 01381,SMB,Mumbai,R04,2025-07-06
C01382,Customer 01382,SMB,Chennai,R02,2025-07-02
C01383,Customer 01383,Consumer,Bengaluru,R02,2024-07-25
C01384,Customer 01384,Consumer,Chennai,R02,2025-11-08
C01385,Customer 01385,Consumer,Chandigarh,R01,2024-10-21
C01386,Customer 01386,Consumer,Jaipur,R01,2024-06-30
C01387,Customer 01387,SMB,Kochi,R02,2024-06-11
C01388,Customer 01388,SMB,Chennai,R02,2025-04-28
C01389,Customer 01389,Premium,Patna,R03,2024-10-19
C01390,Customer 01390,Enterprise,Guwahati,R03,2025-08-20
C01391,Customer 01391,SMB,Bengaluru,R02,2025-03-27
C01392,Customer 01392,Premium,Chandigarh,R01,2025-07-07
C01393,Customer 01393,Enterprise,Kolkata,R03,2024-07-23
C01394,Customer 01394,SMB,Pune,R04,2024-06-14
C01395,Customer 01395,Premium,Patna,R03,2025-01-20
C01396,Customer 01396,SMB,Chandigarh,R01,2024-09-11
C01397,Customer 01397,Consumer,Delhi,R01,2024-01-07
C01398,Customer 01398,SMB,Chandigarh,R01,2024-04-22
C01399,Customer 01399,SMB,Lucknow,R01,2024-12-24
C01400,Customer 01400,Consumer,Ahmedabad,R04,2024-10-30
C01401,Customer 01401,Consumer,Delhi,R01,2024-02-26
C01402,Customer 01402,Consumer,Hyderabad,R02,2024-05-10
C01403,Customer 01403,SMB,Delhi,R01,2025-07-29
C01404,Customer 01404,Enterprise,Guwahati,R03,2025-11-14
C01405,Customer 01405,Consumer,Ahmedabad,R04,2025-10-03
C01406,Customer 01406,Consumer,Kolkata,R03,2024-02-14
C01407,Customer 01407,Consumer,Bengaluru,R02,2024-02-27
C01408,Customer 01408,Enterprise,Chennai,R02,2025-05-15
C01409,Customer 01409,SMB,Patna,R03,2024-03-19
C01410,Customer 01410,SMB,Guwahati,R03,2024-01-23
C01411,Customer 01411,Consumer,Hyderabad,R02,2024-04-04
C01412,Customer 01412,SMB,Kochi,R02,2025-11-13
C01413,Customer 01413,SMB,Bhubaneswar,R03,2025-07-26
C01414,Customer 01414,Consumer,Hyderabad,R02,2024-12-09
C01415,Customer 01415,SMB,Jaipur,R01,2025-12-20
C01416,Customer 01416,Consumer,Chandigarh,R01,2025-08-03
C01417,Customer 01417,SMB,Hyderabad,R02,2025-01-10
C01418,Customer 01418,Premium,Kolkata,R03,2025-03-19
C01419,Customer 01419,Enterprise,Ahmedabad,R04,2025-04-10
C01420,Customer 01420,Consumer,Guwahati,R03,2024-06-21
C01421,Customer 01421,Consumer,Bhubaneswar,R03,2025-11-15
C01422,Customer 01422,SMB,Kochi,R02,2024-10-12
C01423,Customer 01423,Enterprise,Chennai,R02,2024-04-15
C01424,Customer 01424,Consumer,Hyderabad,R02,2025-05-30
C01425,Customer 01425,Consumer,Jaipur,R01,2025-10-09
C01426,Customer 01426,Premium,Kolkata,R03,2024-09-07
C01427,Customer 01427,SMB,Bhubaneswar,R03,2024-01-04
C01428,Customer 01428,SMB,Chennai,R02,2025-03-28
C01429,Customer 01429,Consumer,Jaipur,R01,2024-04-29
C01430,Customer 01430,Premium,Chandigarh,R01,2024-03-28
C01431,Customer 01431,Consumer,Bhubaneswar,R03,2024-04-23
C01432,Customer 01432,Consumer,Mumbai,R04,2024-01-15
C01433,Customer 01433,Premium,Hyderabad,R02,2024-12-07
C01434,Customer 01434,Premium,Patna,R03,2024-12-04
C01435,Customer 01435,Premium,Delhi,R01,2024-03-04
C01436,Customer 01436,Consumer,Surat,R04,2025-11-09
C01437,Customer 01437,SMB,Kolkata,R03,2024-12-18
C01438,Customer 01438,Premium,Guwahati,R03,2025-01-16
C01439,Customer 01439,Consumer,Ahmedabad,R04,2024-01-28
C01440,Customer 01440,Consumer,Kochi,R02,2024-04-07
C01441,Customer 01441,Enterprise,Chennai,R02,2025-07-07
C01442,Customer 01442,Consumer,Kolkata,R03,2025-01-22
C01443,Customer 01443,Enterprise,Guwahati,R03,2024-12-01
C01444,Customer 01444,Enterprise,Ahmedabad,R04,2025-02-03
C01445,Customer 01445,SMB,Lucknow,R01,2025-08-16
C01446,Customer 01446,Consumer,Pune,R04,2024-10-09
C01447,Customer 01447,SMB,Jaipur,R01,2025-11-03
C01448,Customer 01448,Consumer,Bhubaneswar,R03,2025-04-27
C01449,Customer 01449,Enterprise,Chennai,R02,2024-05-07
C01450,Customer 01450,Consumer,Bengaluru,R02,2025-11-04
C01451,Customer 01451,SMB,Hyderabad,R02,2025-06-29
C01452,Customer 01452,Premium,Mumbai,R04,2024-04-11
C01453,Customer 01453,SMB,Guwahati,R03,2024-06-20
C01454,Customer 01454,SMB,Guwahati,R03,2024-01-27
C01455,Customer 01455,Consumer,Jaipur,R01,2024-07-30
C01456,Customer 01456,Consumer,Bhubaneswar,R03,2024-12-29
C01457,Customer 01457,Consumer,Chennai,R02,2025-08-21
C01458,Customer 01458,Consumer,Jaipur,R01,2025-03-20
C01459,Customer 01459,Consumer,Chandigarh,R01,2025-06-26
C01460,Customer 01460,Consumer,Chandigarh,R01,2025-10-01
C01461,Customer 01461,Premium,Jaipur,R01,2025-04-06
C01462,Customer 01462,Consumer,Surat,R04,2025-06-05
C01463,Customer 01463,Premium,Lucknow,R01,2024-04-06
C01464,Customer 01464,Consumer,Ahmedabad,R04,2024-03-18
C01465,Customer 01465,Consumer,Bengaluru,R02,2024-04-04
C01466,Customer 01466,Consumer,Patna,R03,2024-07-18
C01467,Customer 01467,SMB,Chennai,R02,2025-04-29
C01468,Customer 01468,Consumer,Delhi,R01,2024-11-11
C01469,Customer 01469,Consumer,Patna,R03,2025-12-24
C01470,Customer 01470,Consumer,Guwahati,R03,2024-05-23
C01471,Customer 01471,Consumer,Kolkata,R03,2025-04-21
C01472,Customer 01472,SMB,Lucknow,R01,2024-12-26
C01473,Customer 01473,Consumer,Chennai,R02,2024-02-08
C01474,Customer 01474,Consumer,Kolkata,R03,2024-06-19
C01475,Customer 01475,Consumer,Delhi,R01,2024-04-07
C01476,Customer 01476,Premium,Chennai,R02,2025-12-24
C01477,Customer 01477,Consumer,Surat,R04,2025-06-09
C01478,Customer 01478,Consumer,Chandigarh,R01,2024-08-24
C01479,Customer 01479,Consumer,Delhi,R01,2025-09-10
C01480,Customer 01480,Consumer,Hyderabad,R02,2024-09-04
C01481,Customer 01481,Consumer,Guwahati,R03,2025-11-20
C01482,Customer 01482,SMB,Pune,R04,2024-06-24
C01483,Customer 01483,SMB,Kolkata,R03,2025-08-05
C01484,Customer 01484,SMB,Jaipur,R01,2024-04-27
C01485,Customer 01485,Consumer,Bengaluru,R02,2024-05-18
C01486,Customer 01486,SMB,Ahmedabad,R04,2024-02-01
C01487,Customer 01487,Consumer,Hyderabad,R02,2025-08-16
C01488,Customer 01488,SMB,Kochi,R02,2024-03-05
C01489,Customer 01489,Consumer,Mumbai,R04,2024-10-30
C01490,Customer 01490,Enterprise,Bengaluru,R02,2025-10-20
C01491,Customer 01491,SMB,Kochi,R02,2025-05-24
C01492,Customer 01492,Premium,Guwahati,R03,2024-12-16
C01493,Customer 01493,Consumer,Hyderabad,R02,2025-07-17
C01494,Customer 01494,Consumer,Kolkata,R03,2025-02-02
C01495,Customer 01495,Consumer,Jaipur,R01,2025-08-22
C01496,Customer 01496,Enterprise,Ahmedabad,R04,2024-10-03
C01497,Customer 01497,Enterprise,Pune,R04,2025-05-22
C01498,Customer 01498,SMB,Lucknow,R01,2025-11-05
C01499,Customer 01499,Consumer,Bhubaneswar,R03,2024-09-06
C01500,Customer 01500,SMB,Bengaluru,R02,2024-09-24
C01501,Customer 01501,SMB,Kochi,R02,2024-05-10
C01502,Customer 01502,Enterprise,Bhubaneswar,R03,2024-11-23
C01503,Customer 01503,Consumer,Kochi,R02,2024-08-14
C01504,Customer 01504,Enterprise,Mumbai,R04,2024-10-15
C01505,Customer 01505,SMB,Kochi,R02,2025-07-03
C01506,Customer 01506,Consumer,Jaipur,R01,2025-03-03
C01507,Customer 01507,Consumer,Chandigarh,R01,2025-06-22
C01508,Customer 01508,Consumer,Patna,R03,2025-10-26
C01509,Customer 01509,SMB,Pune,R04,2025-03-15
C01510,Customer 01510,Consumer,Kochi,R02,2024-05-07
C01511,Customer 01511,SMB,Pune,R04,2024-11-13
C01512,Customer 01512,SMB,Kolkata,R03,2024-04-24
C01513,Customer 01513,Consumer,Jaipur,R01,2024-08-02
C01514,Customer 01514,SMB,Kolkata,R03,2024-08-14
C01515,Customer 01515,SMB,Surat,R04,2024-01-17
C01516,Customer 01516,Consumer,Kolkata,R03,2024-02-23
C01517,Customer 01517,Enterprise,Chennai,R02,2025-02-23
C01518,Customer 01518,Consumer,Pune,R04,2024-05-16
C01519,Customer 01519,SMB,Jaipur,R01,2024-04-18
C01520,Customer 01520,Premium,Bhubaneswar,R03,2025-05-16
C01521,Customer 01521,SMB,Bengaluru,R02,2024-11-16
C01522,Customer 01522,Premium,Bhubaneswar,R03,2024-08-11
C01523,Customer 01523,SMB,Kolkata,R03,2024-02-06
C01524,Customer 01524,SMB,Guwahati,R03,2025-10-30
C01525,Customer 01525,Enterprise,Bengaluru,R02,2025-10-12
C01526,Customer 01526,Enterprise,Ahmedabad,R04,2024-12-31
C01527,Customer 01527,SMB,Bengaluru,R02,2024-09-15
C01528,Customer 01528,SMB,Surat,R04,2024-08-20
C01529,Customer 01529,Enterprise,Patna,R03,2025-03-10
C01530,Customer 01530,Premium,Pune,R04,2024-10-08
C01531,Customer 01531,SMB,Kolkata,R03,2025-08-11
C01532,Customer 01532,Premium,Hyderabad,R02,2025-08-05
C01533,Customer 01533,SMB,Guwahati,R03,2024-02-06
C01534,Customer 01534,SMB,Chennai,R02,2025-01-07
C01535,Customer 01535,SMB,Chennai,R02,2024-02-27
C01536,Customer 01536,Enterprise,Surat,R04,2025-06-01
C01537,Customer 01537,SMB,Bhubaneswar,R03,2025-08-04
C01538,Customer 01538,SMB,Delhi,R01,2024-10-06
C01539,Customer 01539,Consumer,Bengaluru,R02,2024-03-13
C01540,Customer 01540,Consumer,Patna,R03,2024-11-13
C01541,Customer 01541,SMB,Mumbai,R04,2024-08-28
C01542,Customer 01542,SMB,Bengaluru,R02,2024-12-12
C01543,Customer 01543,Premium,Delhi,R01,2024-01-27
C01544,Customer 01544,Consumer,Lucknow,R01,2024-11-25
C01545,Customer 01545,Consumer,Guwahati,R03,2025-01-19
C01546,Customer 01546,SMB,Pune,R04,2024-10-16
C01547,Customer 01547,Consumer,Delhi,R01,2025-12-23
C01548,Customer 01548,SMB,Bengaluru,R02,2025-01-26
C01549,Customer 01549,SMB,Surat,R04,2024-08-07
C01550,Customer 01550,Enterprise,Pune,R04,2024-08-03
C01551,Customer 01551,SMB,Lucknow,R01,2025-02-10
C01552,Customer 01552,Enterprise,Surat,R04,2025-04-22
C01553,Customer 01553,Consumer,Lucknow,R01,2025-10-05
C01554,Customer 01554,Premium,Bhubaneswar,R03,2024-12-19
C01555,Customer 01555,Consumer,Surat,R04,2025-10-29
C01556,Customer 01556,SMB,Delhi,R01,2024-02-20
C01557,Customer 01557,SMB,Delhi,R01,2025-12-27
C01558,Customer 01558,Consumer,Guwahati,R03,2025-09-02
C01559,Customer 01559,Consumer,Ahmedabad,R04,2024-03-12
C01560,Customer 01560,Consumer,Ahmedabad,R04,2024-05-07
C01561,Customer 01561,Enterprise,Kolkata,R03,2025-09-10
C01562,Customer 01562,Enterprise,Delhi,R01,2025-03-24
C01563,Customer 01563,Consumer,Surat,R04,2025-05-11
C01564,Customer 01564,Consumer,Lucknow,R01,2024-11-23
C01565,Customer 01565,Consumer,Ahmedabad,R04,2024-02-18
C01566,Customer 01566,SMB,Bengaluru,R02,2024-03-23
C01567,Customer 01567,SMB,Delhi,R01,2024-09-03
C01568,Customer 01568,SMB,Delhi,R01,2025-12-13
C01569,Customer 01569,Consumer,Chennai,R02,2025-06-29
C01570,Customer 01570,Consumer,Bengaluru,R02,2024-04-21
C01571,Customer 01571,SMB,Patna,R03,2025-10-10
C01572,Customer 01572,Consumer,Chandigarh,R01,2025-02-10
C01573,Customer 01573,Consumer,Patna,R03,2024-12-08
C01574,Customer 01574,Consumer,Bhubaneswar,R03,2025-07-18
C01575,Customer 01575,Consumer,Kolkata,R03,2025-08-12
C01576,Customer 01576,SMB,Pune,R04,2025-01-27
C01577,Customer 01577,Enterprise,Patna,R03,2024-04-08
C01578,Customer 01578,SMB,Bengaluru,R02,2025-01-06
C01579,Customer 01579,Enterprise,Bengaluru,R02,2024-08-15
C01580,Customer 01580,Enterprise,Chandigarh,R01,2024-05-22
C01581,Customer 01581,Consumer,Bengaluru,R02,2024-04-21
C01582,Customer 01582,Enterprise,Jaipur,R01,2025-01-22
C01583,Customer 01583,Consumer,Kolkata,R03,2025-02-13
C01584,Customer 01584,Consumer,Hyderabad,R02,2025-11-29
C01585,Customer 01585,Enterprise,Patna,R03,2024-11-13
C01586,Customer 01586,SMB,Hyderabad,R02,2025-08-19
C01587,Customer 01587,Consumer,Guwahati,R03,2024-12-29
C01588,Customer 01588,Enterprise,Ahmedabad,R04,2025-08-01
C01589,Customer 01589,SMB,Patna,R03,2024-04-03
C01590,Customer 01590,Consumer,Ahmedabad,R04,2025-09-21
C01591,Customer 01591,Consumer,Mumbai,R04,2025-11-16
C01592,Customer 01592,SMB,Surat,R04,2024-07-30
C01593,Customer 01593,Consumer,Mumbai,R04,2024-04-03
C01594,Customer 01594,Enterprise,Patna,R03,2024-04-04
C01595,Customer 01595,Premium,Mumbai,R04,2025-12-29
C01596,Customer 01596,SMB,Lucknow,R01,2025-12-26
C01597,Customer 01597,Consumer,Delhi,R01,2024-05-22
C01598,Customer 01598,Enterprise,Chandigarh,R01,2025-03-06
C01599,Customer 01599,Consumer,Bengaluru,R02,2024-05-07
C01600,Customer 01600,SMB,Patna,R03,2025-01-24
C01601,Customer 01601,SMB,Pune,R04,2024-05-16
C01602,Customer 01602,Consumer,Pune,R04,2024-09-12
C01603,Customer 01603,SMB,Delhi,R01,2024-05-11
C01604,Customer 01604,SMB,Kochi,R02,2025-11-17
C01605,Customer 01605,Enterprise,Lucknow,R01,2024-06-18
C01606,Customer 01606,Consumer,Kochi,R02,2025-08-21
C01607,Customer 01607,Premium,Hyderabad,R02,2025-08-16
C01608,Customer 01608,Consumer,Mumbai,R04,2025-09-15
C01609,Customer 01609,SMB,Patna,R03,2024-01-31
C01610,Customer 01610,Consumer,Guwahati,R03,2024-02-13
C01611,Customer 01611,Consumer,Ahmedabad,R04,2024-01-14
C01612,Customer 01612,Premium,Bhubaneswar,R03,2025-09-05
C01613,Customer 01613,Premium,Mumbai,R04,2024-08-23
C01614,Customer 01614,Enterprise,Chandigarh,R01,2024-12-12
C01615,Customer 01615,Consumer,Kolkata,R03,2025-11-28
C01616,Customer 01616,Enterprise,Chandigarh,R01,2025-01-08
C01617,Customer 01617,Consumer,Mumbai,R04,2025-05-13
C01618,Customer 01618,Enterprise,Kolkata,R03,2024-06-20
C01619,Customer 01619,Enterprise,Kochi,R02,2024-11-27
C01620,Customer 01620,Enterprise,Ahmedabad,R04,2025-01-14
C01621,Customer 01621,Consumer,Kolkata,R03,2025-05-22
C01622,Customer 01622,Enterprise,Guwahati,R03,2024-02-07
C01623,Customer 01623,Premium,Lucknow,R01,2025-01-11
C01624,Customer 01624,Enterprise,Hyderabad,R02,2024-12-20
C01625,Customer 01625,SMB,Kolkata,R03,2025-11-10
C01626,Customer 01626,Enterprise,Patna,R03,2025-12-15
C01627,Customer 01627,SMB,Kolkata,R03,2025-07-23
C01628,Customer 01628,Consumer,Bhubaneswar,R03,2024-04-17
C01629,Customer 01629,Consumer,Jaipur,R01,2024-10-23
C01630,Customer 01630,SMB,Kolkata,R03,2024-04-30
C01631,Customer 01631,SMB,Delhi,R01,2025-06-17
C01632,Customer 01632,Consumer,Lucknow,R01,2025-10-16
C01633,Customer 01633,Consumer,Ahmedabad,R04,2024-08-06
C01634,Customer 01634,Enterprise,Delhi,R01,2024-12-10
C01635,Customer 01635,Consumer,Patna,R03,2025-01-10
C01636,Customer 01636,SMB,Chandigarh,R01,2025-06-09
C01637,Customer 01637,Enterprise,Kolkata,R03,2024-07-11
C01638,Customer 01638,Consumer,Kolkata,R03,2025-04-21
C01639,Customer 01639,Consumer,Bhubaneswar,R03,2024-11-18
C01640,Customer 01640,Enterprise,Pune,R04,2024-04-24
C01641,Customer 01641,Enterprise,Patna,R03,2025-01-06
C01642,Customer 01642,SMB,Lucknow,R01,2024-07-18
C01643,Customer 01643,Premium,Ahmedabad,R04,2024-12-12
C01644,Customer 01644,Consumer,Bengaluru,R02,2025-09-30
C01645,Customer 01645,Consumer,Bengaluru,R02,2025-06-05
C01646,Customer 01646,Consumer,Kolkata,R03,2024-04-19
C01647,Customer 01647,SMB,Surat,R04,2025-11-16
C01648,Customer 01648,SMB,Jaipur,R01,2024-01-02
C01649,Customer 01649,Consumer,Bengaluru,R02,2025-01-10
C01650,Customer 01650,SMB,Kolkata,R03,2024-06-15
C01651,Customer 01651,Consumer,Bengaluru,R02,2025-02-19
C01652,Customer 01652,Consumer,Delhi,R01,2024-06-21
C01653,Customer 01653,Premium,Pune,R04,2025-08-07
C01654,Customer 01654,SMB,Mumbai,R04,2024-09-28
C01655,Customer 01655,Enterprise,Lucknow,R01,2024-10-07
C01656,Customer 01656,Consumer,Jaipur,R01,2024-08-04
C01657,Customer 01657,Consumer,Chennai,R02,2024-04-21
C01658,Customer 01658,Consumer,Ahmedabad,R04,2025-10-27
C01659,Customer 01659,Consumer,Pune,R04,2024-12-26
C01660,Customer 01660,Consumer,Bengaluru,R02,2025-02-08
C01661,Customer 01661,Premium,Chandigarh,R01,2025-03-17
C01662,Customer 01662,SMB,Patna,R03,2025-04-27
C01663,Customer 01663,Consumer,Jaipur,R01,2025-05-05
C01664,Customer 01664,Enterprise,Bhubaneswar,R03,2024-02-02
C01665,Customer 01665,Consumer,Bhubaneswar,R03,2024-09-18
C01666,Customer 01666,Consumer,Chennai,R02,2025-12-08
C01667,Customer 01667,Consumer,Mumbai,R04,2024-09-20
C01668,Customer 01668,Consumer,Patna,R03,2025-12-25
C01669,Customer 01669,Consumer,Chandigarh,R01,2024-01-14
C01670,Customer 01670,SMB,Kolkata,R03,2024-01-30
C01671,Customer 01671,SMB,Lucknow,R01,2025-10-18
C01672,Customer 01672,Premium,Lucknow,R01,2025-08-27
C01673,Customer 01673,SMB,Bengaluru,R02,2025-09-26
C01674,Customer 01674,Enterprise,Ahmedabad,R04,2024-06-25
C01675,Customer 01675,Enterprise,Bhubaneswar,R03,2024-05-10
C01676,Customer 01676,SMB,Chandigarh,R01,2024-07-29
C01677,Customer 01677,Enterprise,Ahmedabad,R04,2024-06-03
C01678,Customer 01678,Consumer,Ahmedabad,R04,2024-03-19
C01679,Customer 01679,SMB,Jaipur,R01,2024-01-18
C01680,Customer 01680,Enterprise,Chennai,R02,2025-09-17
C01681,Customer 01681,SMB,Chennai,R02,2025-07-17
C01682,Customer 01682,Consumer,Patna,R03,2024-12-02
C01683,Customer 01683,Consumer,Bengaluru,R02,2025-09-19
C01684,Customer 01684,Consumer,Jaipur,R01,2025-07-06
C01685,Customer 01685,SMB,Ahmedabad,R04,2025-09-19
C01686,Customer 01686,Consumer,Surat,R04,2024-03-30
C01687,Customer 01687,Consumer,Jaipur,R01,2025-09-23
C01688,Customer 01688,Consumer,Hyderabad,R02,2025-07-11
C01689,Customer 01689,Consumer,Kolkata,R03,2025-11-30
C01690,Customer 01690,Enterprise,Surat,R04,2025-09-12
C01691,Customer 01691,SMB,Lucknow,R01,2025-12-06
C01692,Customer 01692,SMB,Patna,R03,2024-06-20
C01693,Customer 01693,Consumer,Patna,R03,2025-03-22
C01694,Customer 01694,SMB,Patna,R03,2024-12-17
C01695,Customer 01695,SMB,Delhi,R01,2024-11-01
C01696,Customer 01696,Consumer,Ahmedabad,R04,2024-04-13
C01697,Customer 01697,Consumer,Mumbai,R04,2024-10-28
C01698,Customer 01698,Consumer,Ahmedabad,R04,2024-12-26
C01699,Customer 01699,Premium,Bhubaneswar,R03,2024-05-30
C01700,Customer 01700,Consumer,Chennai,R02,2025-06-13
C01701,Customer 01701,SMB,Delhi,R01,2024-06-20
C01702,Customer 01702,Consumer,Jaipur,R01,2025-05-08
C01703,Customer 01703,Enterprise,Lucknow,R01,2025-01-13
C01704,Customer 01704,SMB,Bhubaneswar,R03,2024-01-18
C01705,Customer 01705,Consumer,Patna,R03,2024-01-07
C01706,Customer 01706,Consumer,Kochi,R02,2025-08-16
C01707,Customer 01707,Enterprise,Guwahati,R03,2024-06-03
C01708,Customer 01708,SMB,Lucknow,R01,2025-02-08
C01709,Customer 01709,Enterprise,Bhubaneswar,R03,2025-08-26
C01710,Customer 01710,Enterprise,Lucknow,R01,2024-09-22
C01711,Customer 01711,Enterprise,Mumbai,R04,2025-10-31
C01712,Customer 01712,Consumer,Chandigarh,R01,2024-12-23
C01713,Customer 01713,Enterprise,Guwahati,R03,2025-11-21
C01714,Customer 01714,SMB,Ahmedabad,R04,2025-12-17
C01715,Customer 01715,SMB,Patna,R03,2024-11-06
C01716,Customer 01716,Enterprise,Mumbai,R04,2025-04-14
C01717,Customer 01717,SMB,Mumbai,R04,2025-12-09
C01718,Customer 01718,Consumer,Kolkata,R03,2024-05-27
C01719,Customer 01719,Consumer,Chandigarh,R01,2024-06-05
C01720,Customer 01720,Consumer,Chandigarh,R01,2024-08-29
C01721,Customer 01721,Premium,Hyderabad,R02,2025-04-14
C01722,Customer 01722,SMB,Pune,R04,2025-04-20
C01723,Customer 01723,Enterprise,Bhubaneswar,R03,2025-10-14
C01724,Customer 01724,Premium,Lucknow,R01,2024-03-18
C01725,Customer 01725,Consumer,Chandigarh,R01,2024-02-23
C01726,Customer 01726,Consumer,Guwahati,R03,2024-12-06
C01727,Customer 01727,Consumer,Bhubaneswar,R03,2024-12-13
C01728,Customer 01728,SMB,Guwahati,R03,2024-11-22
C01729,Customer 01729,Premium,Chennai,R02,2025-07-03
C01730,Customer 01730,Consumer,Patna,R03,2025-10-18
C01731,Customer 01731,Enterprise,Guwahati,R03,2025-09-27
C01732,Customer 01732,Consumer,Bengaluru,R02,2024-05-22
C01733,Customer 01733,Consumer,Bengaluru,R02,2025-03-31
C01734,Customer 01734,SMB,Hyderabad,R02,2024-07-17
C01735,Customer 01735,Consumer,Mumbai,R04,2024-02-18
C01736,Customer 01736,Consumer,Kolkata,R03,2024-05-08
C01737,Customer 01737,Consumer,Kolkata,R03,2024-01-12
C01738,Customer 01738,Consumer,Bengaluru,R02,2024-01-29
C01739,Customer 01739,Premium,Patna,R03,2024-05-20
C01740,Customer 01740,SMB,Chandigarh,R01,2024-08-14
C01741,Customer 01741,Enterprise,Chandigarh,R01,2024-11-26
C01742,Customer 01742,Consumer,Lucknow,R01,2024-03-31
C01743,Customer 01743,Enterprise,Surat,R04,2024-03-21
C01744,Customer 01744,Consumer,Chandigarh,R01,2025-02-23
C01745,Customer 01745,Premium,Hyderabad,R02,2024-10-24
C01746,Customer 01746,SMB,Chennai,R02,2024-03-01
C01747,Customer 01747,Enterprise,Jaipur,R01,2025-11-16
C01748,Customer 01748,Consumer,Bengaluru,R02,2025-09-30
C01749,Customer 01749,Consumer,Kolkata,R03,2025-12-25
C01750,Customer 01750,SMB,Chandigarh,R01,2024-07-24
C01751,Customer 01751,Consumer,Kolkata,R03,2024-10-25
C01752,Customer 01752,Enterprise,Lucknow,R01,2024-02-26
C01753,Customer 01753,Consumer,Patna,R03,2024-09-06
C01754,Customer 01754,Premium,Pune,R04,2025-06-22
C01755,Customer 01755,Consumer,Bengaluru,R02,2024-07-23
C01756,Customer 01756,SMB,Bengaluru,R02,2025-09-17
C01757,Customer 01757,Consumer,Jaipur,R01,2024-11-06
C01758,Customer 01758,Consumer,Patna,R03,2025-09-15
C01759,Customer 01759,Consumer,Hyderabad,R02,2024-05-02
C01760,Customer 01760,Enterprise,Chennai,R02,2025-01-18
C01761,Customer 01761,Consumer,Kochi,R02,2025-07-11
C01762,Customer 01762,Consumer,Kochi,R02,2024-09-29
C01763,Customer 01763,Consumer,Pune,R04,2024-12-31
C01764,Customer 01764,Consumer,Bengaluru,R02,2024-05-02
C01765,Customer 01765,Consumer,Kochi,R02,2024-07-10
C01766,Customer 01766,SMB,Bhubaneswar,R03,2025-10-19
C01767,Customer 01767,Consumer,Delhi,R01,2024-11-03
C01768,Customer 01768,Consumer,Kolkata,R03,2025-01-04
C01769,Customer 01769,SMB,Bengaluru,R02,2025-06-28
C01770,Customer 01770,Consumer,Kochi,R02,2025-03-23
C01771,Customer 01771,Enterprise,Pune,R04,2024-07-01
C01772,Customer 01772,Consumer,Chennai,R02,2025-03-17
C01773,Customer 01773,Premium,Jaipur,R01,2024-03-31
C01774,Customer 01774,Premium,Hyderabad,R02,2024-06-21
C01775,Customer 01775,SMB,Hyderabad,R02,2024-05-16
C01776,Customer 01776,SMB,Jaipur,R01,2024-04-05
C01777,Customer 01777,Consumer,Kolkata,R03,2024-11-28
C01778,Customer 01778,Consumer,Pune,R04,2024-07-27
C01779,Customer 01779,Consumer,Delhi,R01,2025-03-01
C01780,Customer 01780,Consumer,Bhubaneswar,R03,2025-09-26
C01781,Customer 01781,SMB,Mumbai,R04,2024-01-22
C01782,Customer 01782,Premium,Chennai,R02,2024-12-18
C01783,Customer 01783,Consumer,Lucknow,R01,2025-04-06
C01784,Customer 01784,Premium,Pune,R04,2024-02-17
C01785,Customer 01785,SMB,Hyderabad,R02,2024-12-17
C01786,Customer 01786,Consumer,Surat,R04,2025-01-05
C01787,Customer 01787,SMB,Bhubaneswar,R03,2024-03-03
C01788,Customer 01788,SMB,Guwahati,R03,2024-06-05
C01789,Customer 01789,Consumer,Lucknow,R01,2025-04-18
C01790,Customer 01790,Consumer,Delhi,R01,2024-11-22
C01791,Customer 01791,Consumer,Mumbai,R04,2024-12-07
C01792,Customer 01792,SMB,Chandigarh,R01,2024-07-20
C01793,Customer 01793,Premium,Bhubaneswar,R03,2025-11-04
C01794,Customer 01794,Premium,Mumbai,R04,2025-03-03
C01795,Customer 01795,Consumer,Surat,R04,2025-06-03
C01796,Customer 01796,SMB,Bhubaneswar,R03,2024-04-09
C01797,Customer 01797,Consumer,Bengaluru,R02,2025-07-04
C01798,Customer 01798,Consumer,Kochi,R02,2025-11-28
C01799,Customer 01799,Consumer,Delhi,R01,2024-11-21
C01800,Customer 01800,Enterprise,Hyderabad,R02,2025-09-07
C01801,Customer 01801,Consumer,Bhubaneswar,R03,2024-11-11
C01802,Customer 01802,Enterprise,Jaipur,R01,2024-12-03
C01803,Customer 01803,Consumer,Ahmedabad,R04,2025-06-16
C01804,Customer 01804,SMB,Bhubaneswar,R03,2024-11-14
C01805,Customer 01805,SMB,Lucknow,R01,2025-09-23
C01806,Customer 01806,Consumer,Bhubaneswar,R03,2025-11-17
C01807,Customer 01807,Consumer,Delhi,R01,2025-06-10
C01808,Customer 01808,SMB,Patna,R03,2025-01-29
C01809,Customer 01809,Consumer,Hyderabad,R02,2024-12-11
C01810,Customer 01810,Consumer,Bhubaneswar,R03,2025-05-28
C01811,Customer 01811,Consumer,Bengaluru,R02,2025-12-11
C01812,Customer 01812,Premium,Kochi,R02,2025-07-28
C01813,Customer 01813,Consumer,Lucknow,R01,2024-01-30
C01814,Customer 01814,Consumer,Guwahati,R03,2025-06-24
C01815,Customer 01815,Consumer,Patna,R03,2024-10-20
C01816,Customer 01816,Consumer,Chandigarh,R01,2024-03-30
C01817,Customer 01817,Consumer,Chandigarh,R01,2025-04-17
C01818,Customer 01818,Consumer,Hyderabad,R02,2024-11-09
C01819,Customer 01819,Consumer,Jaipur,R01,2024-03-27
C01820,Customer 01820,Enterprise,Bhubaneswar,R03,2024-04-09
C01821,Customer 01821,Enterprise,Delhi,R01,2024-02-24
C01822,Customer 01822,Consumer,Pune,R04,2024-04-01
C01823,Customer 01823,SMB,Chandigarh,R01,2025-05-16
C01824,Customer 01824,Consumer,Guwahati,R03,2024-01-17
C01825,Customer 01825,Enterprise,Ahmedabad,R04,2024-07-26
C01826,Customer 01826,SMB,Kochi,R02,2025-07-19
C01827,Customer 01827,Consumer,Mumbai,R04,2024-10-17
C01828,Customer 01828,SMB,Delhi,R01,2024-11-19
C01829,Customer 01829,Consumer,Bengaluru,R02,2025-01-15
C01830,Customer 01830,SMB,Kolkata,R03,2025-03-02
C01831,Customer 01831,Consumer,Hyderabad,R02,2025-02-23
C01832,Customer 01832,Consumer,Bhubaneswar,R03,2024-10-09
C01833,Customer 01833,SMB,Kolkata,R03,2025-07-09
C01834,Customer 01834,Enterprise,Bhubaneswar,R03,2024-09-05
C01835,Customer 01835,Consumer,Chandigarh,R01,2024-03-19
C01836,Customer 01836,Premium,Patna,R03,2024-10-14
C01837,Customer 01837,Consumer,Chennai,R02,2024-12-10
C01838,Customer 01838,SMB,Hyderabad,R02,2024-07-15
C01839,Customer 01839,Consumer,Jaipur,R01,2025-12-21
C01840,Customer 01840,Enterprise,Guwahati,R03,2025-10-10
C01841,Customer 01841,Consumer,Bhubaneswar,R03,2025-10-12
C01842,Customer 01842,SMB,Chandigarh,R01,2025-10-03
C01843,Customer 01843,Enterprise,Ahmedabad,R04,2025-01-09
C01844,Customer 01844,Consumer,Delhi,R01,2025-05-13
C01845,Customer 01845,SMB,Mumbai,R04,2024-01-29
C01846,Customer 01846,Consumer,Kochi,R02,2025-11-18
C01847,Customer 01847,Enterprise,Chandigarh,R01,2024-03-27
C01848,Customer 01848,Consumer,Guwahati,R03,2025-11-02
C01849,Customer 01849,Consumer,Pune,R04,2025-06-15
C01850,Customer 01850,SMB,Hyderabad,R02,2025-10-04
C01851,Customer 01851,Consumer,Jaipur,R01,2025-04-24
C01852,Customer 01852,Consumer,Bengaluru,R02,2025-06-07
C01853,Customer 01853,SMB,Patna,R03,2025-04-28
C01854,Customer 01854,SMB,Pune,R04,2024-07-02
C01855,Customer 01855,Consumer,Kolkata,R03,2025-10-02
C01856,Customer 01856,Consumer,Patna,R03,2025-04-06
C01857,Customer 01857,Consumer,Kochi,R02,2024-06-27
C01858,Customer 01858,SMB,Guwahati,R03,2025-12-19
C01859,Customer 01859,SMB,Patna,R03,2024-12-12
C01860,Customer 01860,SMB,Surat,R04,2025-04-23
C01861,Customer 01861,Enterprise,Kolkata,R03,2025-03-27
C01862,Customer 01862,Consumer,Chandigarh,R01,2025-12-16
C01863,Customer 01863,Enterprise,Mumbai,R04,2025-01-15
C01864,Customer 01864,SMB,Delhi,R01,2024-09-20
C01865,Customer 01865,Consumer,Delhi,R01,2024-02-16
C01866,Customer 01866,Consumer,Hyderabad,R02,2024-06-26
C01867,Customer 01867,Consumer,Chennai,R02,2024-01-15
C01868,Customer 01868,SMB,Hyderabad,R02,2024-01-23
C01869,Customer 01869,Consumer,Guwahati,R03,2024-05-03
C01870,Customer 01870,SMB,Hyderabad,R02,2025-09-29
C01871,Customer 01871,SMB,Bengaluru,R02,2025-01-09
C01872,Customer 01872,Premium,Chandigarh,R01,2025-08-15
C01873,Customer 01873,Consumer,Chandigarh,R01,2025-04-19
C01874,Customer 01874,Consumer,Kochi,R02,2024-04-27
C01875,Customer 01875,SMB,Jaipur,R01,2025-02-08
C01876,Customer 01876,Consumer,Delhi,R01,2025-11-02
C01877,Customer 01877,Enterprise,Chennai,R02,2024-07-14
C01878,Customer 01878,SMB,Bhubaneswar,R03,2024-09-16
C01879,Customer 01879,Consumer,Chennai,R02,2025-12-01
C01880,Customer 01880,SMB,Kochi,R02,2024-09-14
C01881,Customer 01881,SMB,Chennai,R02,2024-07-09
C01882,Customer 01882,Consumer,Ahmedabad,R04,2024-05-01
C01883,Customer 01883,Enterprise,Bhubaneswar,R03,2025-05-16
C01884,Customer 01884,Consumer,Patna,R03,2025-05-27
C01885,Customer 01885,SMB,Delhi,R01,2024-02-26
C01886,Customer 01886,Consumer,Chandigarh,R01,2025-06-14
C01887,Customer 01887,SMB,Jaipur,R01,2025-07-26
C01888,Customer 01888,Consumer,Bengaluru,R02,2025-03-14
C01889,Customer 01889,Enterprise,Patna,R03,2025-01-25
C01890,Customer 01890,SMB,Pune,R04,2025-04-04
C01891,Customer 01891,Consumer,Hyderabad,R02,2024-11-09
C01892,Customer 01892,Consumer,Hyderabad,R02,2025-03-08
C01893,Customer 01893,Enterprise,Delhi,R01,2024-02-19
C01894,Customer 01894,SMB,Chandigarh,R01,2025-01-18
C01895,Customer 01895,Enterprise,Delhi,R01,2025-07-14
C01896,Customer 01896,Enterprise,Lucknow,R01,2025-10-07
C01897,Customer 01897,Consumer,Delhi,R01,2024-05-07
C01898,Customer 01898,Consumer,Hyderabad,R02,2024-10-17
C01899,Customer 01899,Consumer,Chandigarh,R01,2025-08-14
C01900,Customer 01900,Premium,Surat,R04,2024-04-26
C01901,Customer 01901,Consumer,Mumbai,R04,2024-12-22
C01902,Customer 01902,Enterprise,Patna,R03,2024-03-28
C01903,Customer 01903,SMB,Bhubaneswar,R03,2025-05-28
C01904,Customer 01904,Consumer,Patna,R03,2025-03-15
C01905,Customer 01905,Consumer,Kolkata,R03,2025-10-23
C01906,Customer 01906,Premium,Bengaluru,R02,2024-04-15
C01907,Customer 01907,SMB,Hyderabad,R02,2024-01-31
C01908,Customer 01908,SMB,Bengaluru,R02,2024-07-20
C01909,Customer 01909,Consumer,Bengaluru,R02,2024-06-15
C01910,Customer 01910,Premium,Kochi,R02,2025-01-04
C01911,Customer 01911,SMB,Kolkata,R03,2024-12-12
C01912,Customer 01912,SMB,Delhi,R01,2024-09-12
C01913,Customer 01913,SMB,Mumbai,R04,2024-11-13
C01914,Customer 01914,Premium,Bengaluru,R02,2024-02-07
C01915,Customer 01915,Enterprise,Jaipur,R01,2025-12-21
C01916,Customer 01916,Consumer,Hyderabad,R02,2025-11-15
C01917,Customer 01917,Enterprise,Pune,R04,2025-09-01
C01918,Customer 01918,Premium,Bengaluru,R02,2024-09-22
C01919,Customer 01919,SMB,Lucknow,R01,2025-10-19
C01920,Customer 01920,Enterprise,Guwahati,R03,2025-08-27
C01921,Customer 01921,Consumer,Lucknow,R01,2025-05-07
C01922,Customer 01922,Enterprise,Chandigarh,R01,2025-03-24
C01923,Customer 01923,Consumer,Jaipur,R01,2025-08-23
C01924,Customer 01924,Enterprise,Hyderabad,R02,2025-01-07
C01925,Customer 01925,SMB,Chennai,R02,2025-07-01
C01926,Customer 01926,Consumer,Pune,R04,2025-11-14
C01927,Customer 01927,SMB,Chandigarh,R01,2025-08-16
C01928,Customer 01928,SMB,Surat,R04,2024-02-09
C01929,Customer 01929,Consumer,Guwahati,R03,2024-03-18
C01930,Customer 01930,SMB,Bengaluru,R02,2025-02-08
C01931,Customer 01931,Consumer,Kolkata,R03,2024-03-31
C01932,Customer 01932,Premium,Chandigarh,R01,2025-10-31
C01933,Customer 01933,Consumer,Jaipur,R01,2025-04-26
C01934,Customer 01934,Enterprise,Jaipur,R01,2024-12-14
C01935,Customer 01935,Consumer,Ahmedabad,R04,2024-06-19
C01936,Customer 01936,Enterprise,Chandigarh,R01,2024-06-14
C01937,Customer 01937,SMB,Guwahati,R03,2025-02-13
C01938,Customer 01938,Consumer,Hyderabad,R02,2025-11-09
C01939,Customer 01939,Enterprise,Kochi,R02,2025-07-19
C01940,Customer 01940,Consumer,Hyderabad,R02,2025-10-14
C01941,Customer 01941,Consumer,Lucknow,R01,2025-12-18
C01942,Customer 01942,Consumer,Hyderabad,R02,2024-06-07
C01943,Customer 01943,Consumer,Chennai,R02,2025-01-19
C01944,Customer 01944,Consumer,Bhubaneswar,R03,2024-11-28
C01945,Customer 01945,Premium,Surat,R04,2024-12-31
C01946,Customer 01946,SMB,Chandigarh,R01,2024-10-30
C01947,Customer 01947,Consumer,Hyderabad,R02,2024-08-05
C01948,Customer 01948,Consumer,Kolkata,R03,2024-03-31
C01949,Customer 01949,SMB,Guwahati,R03,2025-05-31
C01950,Customer 01950,Consumer,Surat,R04,2024-02-04
C01951,Customer 01951,Consumer,Mumbai,R04,2025-03-16
C01952,Customer 01952,SMB,Delhi,R01,2025-01-03
C01953,Customer 01953,Consumer,Hyderabad,R02,2025-03-05
C01954,Customer 01954,Consumer,Delhi,R01,2025-05-06
C01955,Customer 01955,Consumer,Chandigarh,R01,2025-06-16
C01956,Customer 01956,SMB,Bhubaneswar,R03,2025-10-15
C01957,Customer 01957,SMB,Guwahati,R03,2025-06-26
C01958,Customer 01958,Enterprise,Delhi,R01,2025-05-07
C01959,Customer 01959,Consumer,Chandigarh,R01,2024-07-14
C01960,Customer 01960,SMB,Hyderabad,R02,2025-07-03
C01961,Customer 01961,Consumer,Pune,R04,2025-08-31
C01962,Customer 01962,Consumer,Jaipur,R01,2024-12-01
C01963,Customer 01963,Consumer,Kolkata,R03,2024-08-31
C01964,Customer 01964,Consumer,Mumbai,R04,2024-02-23
C01965,Customer 01965,Consumer,Pune,R04,2024-04-13
C01966,Customer 01966,Consumer,Surat,R04,2025-10-27
C01967,Customer 01967,Consumer,Bhubaneswar,R03,2025-03-20
C01968,Customer 01968,Consumer,Jaipur,R01,2024-08-01
C01969,Customer 01969,SMB,Chennai,R02,2025-09-29
C01970,Customer 01970,SMB,Jaipur,R01,2024-03-16
C01971,Customer 01971,Consumer,Pune,R04,2024-02-08
C01972,Customer 01972,Consumer,Jaipur,R01,2024-05-20
C01973,Customer 01973,Premium,Surat,R04,2024-05-29
C01974,Customer 01974,SMB,Bengaluru,R02,2024-10-22
C01975,Customer 01975,Consumer,Guwahati,R03,2024-10-15
C01976,Customer 01976,SMB,Lucknow,R01,2024-11-15
C01977,Customer 01977,Consumer,Chennai,R02,2024-03-20
C01978,Customer 01978,SMB,Kochi,R02,2024-07-09
C01979,Customer 01979,SMB,Ahmedabad,R04,2024-10-31
C01980,Customer 01980,Enterprise,Lucknow,R01,2024-03-16
C01981,Customer 01981,Consumer,Jaipur,R01,2024-10-11
C01982,Customer 01982,Enterprise,Chennai,R02,2025-08-09
C01983,Customer 01983,SMB,Patna,R03,2024-09-14
C01984,Customer 01984,Consumer,Kochi,R02,2024-11-07
C01985,Customer 01985,SMB,Ahmedabad,R04,2024-10-19
C01986,Customer 01986,Consumer,Chandigarh,R01,2025-10-08
C01987,Customer 01987,Consumer,Chennai,R02,2025-10-13
C01988,Customer 01988,SMB,Mumbai,R04,2025-10-31
C01989,Customer 01989,Enterprise,Kochi,R02,2025-03-10
C01990,Customer 01990,Consumer,Surat,R04,2025-09-19
C01991,Customer 01991,SMB,Surat,R04,2025-11-09
C01992,Customer 01992,Enterprise,Guwahati,R03,2024-05-09
C01993,Customer 01993,Consumer,Surat,R04,2025-12-08
C01994,Customer 01994,Consumer,Mumbai,R04,2024-10-03
C01995,Customer 01995,Enterprise,Mumbai,R04,2025-03-19
C01996,Customer 01996,SMB,Patna,R03,2024-08-12
C01997,Customer 01997,Consumer,Bhubaneswar,R03,2025-01-30
C01998,Customer 01998,Enterprise,Pune,R04,2025-05-02
C01999,Customer 01999,Premium,Ahmedabad,R04,2025-04-15
C02000,Customer 02000,Consumer,Jaipur,R01,2024-07-10
C02001,Customer 02001,SMB,Guwahati,R03,2025-07-03
C02002,Customer 02002,Consumer,Guwahati,R03,2024-09-01
C02003,Customer 02003,Premium,Hyderabad,R02,2025-03-03
C02004,Customer 02004,Consumer,Kochi,R02,2024-05-14
C02005,Customer 02005,Consumer,Bengaluru,R02,2025-12-11
C02006,Customer 02006,Consumer,Bengaluru,R02,2025-04-10
C02007,Customer 02007,Consumer,Jaipur,R01,2024-02-27
C02008,Customer 02008,Consumer,Mumbai,R04,2024-10-24
C02009,Customer 02009,SMB,Chennai,R02,2025-09-13
C02010,Customer 02010,Consumer,Pune,R04,2024-01-31
C02011,Customer 02011,SMB,Kolkata,R03,2024-07-03
C02012,Customer 02012,Consumer,Surat,R04,2024-11-15
C02013,Customer 02013,Enterprise,Patna,R03,2024-07-25
C02014,Customer 02014,Consumer,Jaipur,R01,2024-04-27
C02015,Customer 02015,SMB,Kochi,R02,2025-06-09
C02016,Customer 02016,Consumer,Bhubaneswar,R03,2025-08-28
C02017,Customer 02017,Consumer,Pune,R04,2025-03-24
C02018,Customer 02018,Consumer,Ahmedabad,R04,2025-03-01
C02019,Customer 02019,SMB,Chennai,R02,2025-07-02
C02020,Customer 02020,Consumer,Kolkata,R03,2025-05-01
C02021,Customer 02021,Enterprise,Kochi,R02,2025-01-22
C02022,Customer 02022,Premium,Guwahati,R03,2025-04-20
C02023,Customer 02023,SMB,Kochi,R02,2024-08-27
C02024,Customer 02024,Enterprise,Hyderabad,R02,2024-09-22
C02025,Customer 02025,Consumer,Hyderabad,R02,2025-09-11
C02026,Customer 02026,Enterprise,Chandigarh,R01,2025-10-19
C02027,Customer 02027,Consumer,Kochi,R02,2024-10-10
C02028,Customer 02028,Consumer,Mumbai,R04,2025-08-27
C02029,Customer 02029,Premium,Kolkata,R03,2025-08-23
C02030,Customer 02030,SMB,Lucknow,R01,2025-03-12
C02031,Customer 02031,Consumer,Guwahati,R03,2025-06-21
C02032,Customer 02032,Enterprise,Kolkata,R03,2024-06-06
C02033,Customer 02033,SMB,Delhi,R01,2025-10-20
C02034,Customer 02034,Consumer,Surat,R04,2024-05-17
C02035,Customer 02035,Consumer,Chandigarh,R01,2024-05-24
C02036,Customer 02036,Premium,Jaipur,R01,2024-11-28
C02037,Customer 02037,Consumer,Lucknow,R01,2025-08-25
C02038,Customer 02038,Consumer,Mumbai,R04,2024-12-04
C02039,Customer 02039,Consumer,Bhubaneswar,R03,2024-08-06
C02040,Customer 02040,Consumer,Bengaluru,R02,2025-05-17
C02041,Customer 02041,Consumer,Guwahati,R03,2025-04-01
C02042,Customer 02042,SMB,Hyderabad,R02,2024-04-16
C02043,Customer 02043,Consumer,Hyderabad,R02,2024-04-26
C02044,Customer 02044,Enterprise,Chandigarh,R01,2024-06-14
C02045,Customer 02045,Enterprise,Pune,R04,2025-05-16
C02046,Customer 02046,SMB,Hyderabad,R02,2024-05-17
C02047,Customer 02047,Consumer,Bengaluru,R02,2024-04-02
C02048,Customer 02048,Consumer,Pune,R04,2024-04-17
C02049,Customer 02049,SMB,Pune,R04,2025-07-11
C02050,Customer 02050,Premium,Mumbai,R04,2024-01-05
C02051,Customer 02051,Premium,Lucknow,R01,2024-08-04
C02052,Customer 02052,SMB,Ahmedabad,R04,2025-11-08
C02053,Customer 02053,Consumer,Jaipur,R01,2025-08-15
C02054,Customer 02054,Enterprise,Bhubaneswar,R03,2024-11-07
C02055,Customer 02055,Enterprise,Chennai,R02,2024-12-14
C02056,Customer 02056,Consumer,Delhi,R01,2025-11-20
C02057,Customer 02057,Enterprise,Delhi,R01,2024-04-26
C02058,Customer 02058,Premium,Mumbai,R04,2025-06-23
C02059,Customer 02059,Enterprise,Bengaluru,R02,2024-10-21
C02060,Customer 02060,Consumer,Hyderabad,R02,2025-01-27
C02061,Customer 02061,SMB,Delhi,R01,2025-01-09
C02062,Customer 02062,Premium,Patna,R03,2024-05-07
C02063,Customer 02063,Consumer,Guwahati,R03,2024-01-14
C02064,Customer 02064,Consumer,Bhubaneswar,R03,2024-05-20
C02065,Customer 02065,Consumer,Guwahati,R03,2024-01-31
C02066,Customer 02066,Consumer,Chandigarh,R01,2025-06-24
C02067,Customer 02067,Enterprise,Kochi,R02,2024-12-04
C02068,Customer 02068,Consumer,Chandigarh,R01,2025-01-13
C02069,Customer 02069,Consumer,Hyderabad,R02,2025-03-17
C02070,Customer 02070,SMB,Surat,R04,2024-05-31
C02071,Customer 02071,Consumer,Delhi,R01,2024-03-11
C02072,Customer 02072,Premium,Hyderabad,R02,2025-02-22
C02073,Customer 02073,Consumer,Mumbai,R04,2024-10-15
C02074,Customer 02074,Enterprise,Kochi,R02,2024-09-24
C02075,Customer 02075,Enterprise,Kochi,R02,2025-08-21
C02076,Customer 02076,Enterprise,Lucknow,R01,2024-10-27
C02077,Customer 02077,SMB,Bhubaneswar,R03,2025-10-08
C02078,Customer 02078,Enterprise,Chandigarh,R01,2024-08-24
C02079,Customer 02079,Premium,Bengaluru,R02,2024-08-15
C02080,Customer 02080,Consumer,Chennai,R02,2024-01-18
C02081,Customer 02081,SMB,Mumbai,R04,2025-03-22
C02082,Customer 02082,Enterprise,Jaipur,R01,2025-04-02
C02083,Customer 02083,Consumer,Bhubaneswar,R03,2024-12-13
C02084,Customer 02084,SMB,Kochi,R02,2025-07-27
C02085,Customer 02085,SMB,Chennai,R02,2024-03-04
C02086,Customer 02086,Consumer,Hyderabad,R02,2024-08-26
C02087,Customer 02087,Consumer,Chandigarh,R01,2024-12-18
C02088,Customer 02088,SMB,Jaipur,R01,2024-04-16
C02089,Customer 02089,Consumer,Bhubaneswar,R03,2024-06-06
C02090,Customer 02090,Consumer,Bengaluru,R02,2025-05-06
C02091,Customer 02091,Consumer,Surat,R04,2024-04-10
C02092,Customer 02092,Enterprise,Delhi,R01,2025-11-27
C02093,Customer 02093,Enterprise,Bhubaneswar,R03,2025-08-17
C02094,Customer 02094,Enterprise,Patna,R03,2024-09-10
C02095,Customer 02095,Consumer,Kochi,R02,2024-06-08
C02096,Customer 02096,Consumer,Bhubaneswar,R03,2024-09-26
C02097,Customer 02097,SMB,Chandigarh,R01,2024-01-11
C02098,Customer 02098,SMB,Bhubaneswar,R03,2025-03-13
C02099,Customer 02099,Premium,Bhubaneswar,R03,2025-06-01
C02100,Customer 02100,SMB,Patna,R03,2025-05-04
C02101,Customer 02101,Consumer,Pune,R04,2024-08-29
C02102,Customer 02102,SMB,Hyderabad,R02,2024-05-08
C02103,Customer 02103,Consumer,Kochi,R02,2025-02-12
C02104,Customer 02104,Consumer,Bengaluru,R02,2025-05-04
C02105,Customer 02105,Consumer,Kochi,R02,2025-04-04
C02106,Customer 02106,Premium,Jaipur,R01,2024-05-07
C02107,Customer 02107,SMB,Mumbai,R04,2025-09-26
C02108,Customer 02108,Enterprise,Lucknow,R01,2024-05-21
C02109,Customer 02109,Consumer,Delhi,R01,2025-05-15
C02110,Customer 02110,Consumer,Bhubaneswar,R03,2025-09-21
C02111,Customer 02111,Premium,Delhi,R01,2025-03-11
C02112,Customer 02112,Enterprise,Kolkata,R03,2025-09-13
C02113,Customer 02113,Consumer,Hyderabad,R02,2025-03-09
C02114,Customer 02114,SMB,Kochi,R02,2025-06-07
C02115,Customer 02115,SMB,Kochi,R02,2024-02-20
C02116,Customer 02116,SMB,Hyderabad,R02,2024-12-23
C02117,Customer 02117,Enterprise,Bengaluru,R02,2024-07-20
C02118,Customer 02118,SMB,Guwahati,R03,2024-01-07
C02119,Customer 02119,Premium,Lucknow,R01,2024-01-25
C02120,Customer 02120,SMB,Chennai,R02,2025-02-23
C02121,Customer 02121,Consumer,Ahmedabad,R04,2024-07-30
C02122,Customer 02122,SMB,Pune,R04,2025-10-26
C02123,Customer 02123,Consumer,Hyderabad,R02,2024-12-13
C02124,Customer 02124,SMB,Guwahati,R03,2024-11-09
C02125,Customer 02125,SMB,Kolkata,R03,2025-07-26
C02126,Customer 02126,SMB,Kochi,R02,2025-04-20
C02127,Customer 02127,Consumer,Mumbai,R04,2024-03-02
C02128,Customer 02128,Consumer,Surat,R04,2025-03-18
C02129,Customer 02129,Consumer,Bhubaneswar,R03,2025-02-01
C02130,Customer 02130,Consumer,Kolkata,R03,2025-03-24
C02131,Customer 02131,Enterprise,Ahmedabad,R04,2025-03-26
C02132,Customer 02132,Consumer,Mumbai,R04,2024-02-13
C02133,Customer 02133,Consumer,Jaipur,R01,2025-12-11
C02134,Customer 02134,Consumer,Chennai,R02,2024-02-21
C02135,Customer 02135,Consumer,Hyderabad,R02,2024-03-19
C02136,Customer 02136,SMB,Bhubaneswar,R03,2024-02-05
C02137,Customer 02137,Enterprise,Jaipur,R01,2025-04-05
C02138,Customer 02138,SMB,Mumbai,R04,2024-10-01
C02139,Customer 02139,SMB,Mumbai,R04,2025-08-24
C02140,Customer 02140,Consumer,Chandigarh,R01,2024-11-13
C02141,Customer 02141,Consumer,Surat,R04,2025-06-19
C02142,Customer 02142,Consumer,Kolkata,R03,2024-09-20
C02143,Customer 02143,Premium,Mumbai,R04,2025-08-03
C02144,Customer 02144,Enterprise,Mumbai,R04,2024-04-07
C02145,Customer 02145,Consumer,Bhubaneswar,R03,2024-07-31
C02146,Customer 02146,Consumer,Kolkata,R03,2024-04-04
C02147,Customer 02147,Consumer,Ahmedabad,R04,2025-03-13
C02148,Customer 02148,Enterprise,Pune,R04,2025-04-24
C02149,Customer 02149,Enterprise,Ahmedabad,R04,2025-05-14
C02150,Customer 02150,SMB,Hyderabad,R02,2025-02-04
C02151,Customer 02151,Consumer,Patna,R03,2025-12-21
C02152,Customer 02152,Consumer,Bhubaneswar,R03,2025-07-04
C02153,Customer 02153,Consumer,Surat,R04,2025-09-22
C02154,Customer 02154,Consumer,Lucknow,R01,2025-03-02
C02155,Customer 02155,Consumer,Mumbai,R04,2025-04-13
C02156,Customer 02156,Enterprise,Chandigarh,R01,2025-07-15
C02157,Customer 02157,Consumer,Hyderabad,R02,2024-06-25
C02158,Customer 02158,Enterprise,Guwahati,R03,2025-09-16
C02159,Customer 02159,Consumer,Jaipur,R01,2025-03-02
C02160,Customer 02160,Consumer,Ahmedabad,R04,2025-09-15
C02161,Customer 02161,Consumer,Kochi,R02,2025-08-31
C02162,Customer 02162,SMB,Chandigarh,R01,2025-07-07
C02163,Customer 02163,Premium,Jaipur,R01,2024-11-22
C02164,Customer 02164,SMB,Surat,R04,2024-02-12
C02165,Customer 02165,SMB,Patna,R03,2024-08-21
C02166,Customer 02166,Consumer,Surat,R04,2025-05-15
C02167,Customer 02167,Enterprise,Chennai,R02,2024-06-12
C02168,Customer 02168,Consumer,Mumbai,R04,2024-03-12
C02169,Customer 02169,Consumer,Patna,R03,2024-08-13
C02170,Customer 02170,Enterprise,Lucknow,R01,2025-10-10
C02171,Customer 02171,SMB,Surat,R04,2025-12-28
C02172,Customer 02172,Consumer,Bengaluru,R02,2025-10-23
C02173,Customer 02173,Enterprise,Jaipur,R01,2024-04-09
C02174,Customer 02174,Consumer,Patna,R03,2025-10-15
C02175,Customer 02175,SMB,Kochi,R02,2025-12-04
C02176,Customer 02176,Consumer,Kolkata,R03,2025-10-29
C02177,Customer 02177,SMB,Lucknow,R01,2025-09-22
C02178,Customer 02178,SMB,Pune,R04,2025-10-16
C02179,Customer 02179,Consumer,Kolkata,R03,2025-11-13
C02180,Customer 02180,Premium,Pune,R04,2025-12-08
C02181,Customer 02181,Consumer,Delhi,R01,2024-08-01
C02182,Customer 02182,Consumer,Pune,R04,2025-07-03
C02183,Customer 02183,Consumer,Hyderabad,R02,2025-06-30
C02184,Customer 02184,Consumer,Bengaluru,R02,2024-06-23
C02185,Customer 02185,Premium,Kolkata,R03,2024-09-08
C02186,Customer 02186,SMB,Bhubaneswar,R03,2025-11-11
C02187,Customer 02187,Consumer,Bhubaneswar,R03,2025-09-02
C02188,Customer 02188,Enterprise,Guwahati,R03,2024-09-13
C02189,Customer 02189,Enterprise,Surat,R04,2025-09-06
C02190,Customer 02190,Consumer,Chandigarh,R01,2025-01-19
C02191,Customer 02191,SMB,Chennai,R02,2025-05-02
C02192,Customer 02192,Consumer,Bhubaneswar,R03,2025-06-12
C02193,Customer 02193,Premium,Kochi,R02,2024-05-13
C02194,Customer 02194,Consumer,Chennai,R02,2025-09-24
C02195,Customer 02195,Enterprise,Lucknow,R01,2025-12-10
C02196,Customer 02196,SMB,Surat,R04,2025-08-15
C02197,Customer 02197,SMB,Surat,R04,2024-09-04
C02198,Customer 02198,Enterprise,Delhi,R01,2024-03-24
C02199,Customer 02199,SMB,Lucknow,R01,2025-03-18
C02200,Customer 02200,Consumer,Ahmedabad,R04,2025-04-26
C02201,Customer 02201,SMB,Pune,R04,2025-05-15
C02202,Customer 02202,SMB,Ahmedabad,R04,2025-02-15
C02203,Customer 02203,SMB,Hyderabad,R02,2025-07-17
C02204,Customer 02204,Enterprise,Pune,R04,2024-02-15
C02205,Customer 02205,Consumer,Ahmedabad,R04,2025-04-15
C02206,Customer 02206,SMB,Guwahati,R03,2025-06-07
C02207,Customer 02207,Consumer,Patna,R03,2024-11-01
C02208,Customer 02208,Consumer,Jaipur,R01,2024-09-13
C02209,Customer 02209,Enterprise,Guwahati,R03,2024-12-15
C02210,Customer 02210,Consumer,Kolkata,R03,2024-05-07
C02211,Customer 02211,SMB,Chennai,R02,2025-06-15
C02212,Customer 02212,Enterprise,Jaipur,R01,2025-01-18
C02213,Customer 02213,Consumer,Hyderabad,R02,2025-08-23
C02214,Customer 02214,SMB,Bengaluru,R02,2025-04-21
C02215,Customer 02215,Enterprise,Delhi,R01,2025-10-09
C02216,Customer 02216,Consumer,Patna,R03,2024-12-11
C02217,Customer 02217,Consumer,Bengaluru,R02,2025-03-23
C02218,Customer 02218,SMB,Hyderabad,R02,2025-02-18
C02219,Customer 02219,Premium,Chandigarh,R01,2025-10-01
C02220,Customer 02220,Enterprise,Lucknow,R01,2024-03-14
C02221,Customer 02221,Enterprise,Patna,R03,2024-03-14
C02222,Customer 02222,Consumer,Chandigarh,R01,2024-07-02
C02223,Customer 02223,SMB,Patna,R03,2025-04-27
C02224,Customer 02224,Consumer,Bhubaneswar,R03,2025-02-08
C02225,Customer 02225,Consumer,Hyderabad,R02,2024-07-28
C02226,Customer 02226,SMB,Guwahati,R03,2025-06-20
C02227,Customer 02227,Enterprise,Bhubaneswar,R03,2024-12-08
C02228,Customer 02228,Consumer,Kolkata,R03,2024-04-03
C02229,Customer 02229,Consumer,Guwahati,R03,2025-02-24
C02230,Customer 02230,Consumer,Jaipur,R01,2024-04-23
C02231,Customer 02231,SMB,Jaipur,R01,2024-11-16
C02232,Customer 02232,Consumer,Delhi,R01,2025-06-04
C02233,Customer 02233,Consumer,Jaipur,R01,2024-12-27
C02234,Customer 02234,SMB,Ahmedabad,R04,2025-12-01
C02235,Customer 02235,Consumer,Chennai,R02,2024-12-15
C02236,Customer 02236,Consumer,Lucknow,R01,2025-09-07
C02237,Customer 02237,SMB,Chandigarh,R01,2024-08-22
C02238,Customer 02238,Consumer,Guwahati,R03,2025-09-10
C02239,Customer 02239,Consumer,Patna,R03,2024-04-13
C02240,Customer 02240,Consumer,Pune,R04,2025-01-21
C02241,Customer 02241,Consumer,Chandigarh,R01,2025-05-28
C02242,Customer 02242,SMB,Chandigarh,R01,2025-08-05
C02243,Customer 02243,SMB,Kochi,R02,2024-04-09
C02244,Customer 02244,Consumer,Guwahati,R03,2024-08-01
C02245,Customer 02245,Consumer,Patna,R03,2025-02-07
C02246,Customer 02246,Consumer,Guwahati,R03,2024-07-17
C02247,Customer 02247,Enterprise,Guwahati,R03,2025-10-06
C02248,Customer 02248,Consumer,Surat,R04,2025-09-26
C02249,Customer 02249,Consumer,Bhubaneswar,R03,2024-04-11
C02250,Customer 02250,SMB,Patna,R03,2024-08-08
C02251,Customer 02251,Enterprise,Chennai,R02,2025-06-16
C02252,Customer 02252,Consumer,Ahmedabad,R04,2025-10-02
C02253,Customer 02253,Consumer,Chandigarh,R01,2025-09-15
C02254,Customer 02254,Consumer,Hyderabad,R02,2024-07-01
C02255,Customer 02255,Consumer,Lucknow,R01,2025-02-18
C02256,Customer 02256,Enterprise,Hyderabad,R02,2025-04-23
C02257,Customer 02257,SMB,Lucknow,R01,2025-08-06
C02258,Customer 02258,Consumer,Jaipur,R01,2025-08-18
C02259,Customer 02259,Consumer,Bengaluru,R02,2025-01-27
C02260,Customer 02260,SMB,Guwahati,R03,2024-09-25
C02261,Customer 02261,SMB,Pune,R04,2025-01-05
C02262,Customer 02262,Consumer,Kochi,R02,2024-02-03
C02263,Customer 02263,SMB,Lucknow,R01,2024-03-03
C02264,Customer 02264,Consumer,Jaipur,R01,2025-05-02
C02265,Customer 02265,Consumer,Mumbai,R04,2025-12-19
C02266,Customer 02266,SMB,Chennai,R02,2024-08-14
C02267,Customer 02267,Enterprise,Delhi,R01,2024-04-10
C02268,Customer 02268,Enterprise,Bengaluru,R02,2025-03-29
C02269,Customer 02269,Consumer,Bengaluru,R02,2025-06-22
C02270,Customer 02270,Premium,Bhubaneswar,R03,2025-12-27
C02271,Customer 02271,Enterprise,Kolkata,R03,2024-09-21
C02272,Customer 02272,SMB,Kochi,R02,2024-04-26
C02273,Customer 02273,SMB,Ahmedabad,R04,2024-07-02
C02274,Customer 02274,SMB,Ahmedabad,R04,2024-09-02
C02275,Customer 02275,Consumer,Bhubaneswar,R03,2024-10-21
C02276,Customer 02276,SMB,Hyderabad,R02,2025-11-24
C02277,Customer 02277,SMB,Kolkata,R03,2025-05-13
C02278,Customer 02278,SMB,Pune,R04,2025-10-24
C02279,Customer 02279,SMB,Jaipur,R01,2025-11-14
C02280,Customer 02280,Enterprise,Mumbai,R04,2025-09-20
C02281,Customer 02281,Consumer,Bhubaneswar,R03,2025-03-10
C02282,Customer 02282,Consumer,Guwahati,R03,2024-04-24
C02283,Customer 02283,SMB,Jaipur,R01,2025-12-17
C02284,Customer 02284,Enterprise,Pune,R04,2025-07-25
C02285,Customer 02285,SMB,Kochi,R02,2025-11-02
C02286,Customer 02286,Consumer,Delhi,R01,2025-04-02
C02287,Customer 02287,Consumer,Kolkata,R03,2024-11-21
C02288,Customer 02288,Premium,Ahmedabad,R04,2025-06-27
C02289,Customer 02289,Enterprise,Kochi,R02,2025-06-18
C02290,Customer 02290,Enterprise,Lucknow,R01,2025-10-03
C02291,Customer 02291,Consumer,Chandigarh,R01,2025-06-14
C02292,Customer 02292,Consumer,Lucknow,R01,2025-11-05
C02293,Customer 02293,SMB,Bengaluru,R02,2024-07-08
C02294,Customer 02294,Premium,Jaipur,R01,2024-01-16
C02295,Customer 02295,Premium,Kochi,R02,2024-05-06
C02296,Customer 02296,Consumer,Hyderabad,R02,2024-06-09
C02297,Customer 02297,Consumer,Bengaluru,R02,2025-07-02
C02298,Customer 02298,SMB,Surat,R04,2025-12-28
C02299,Customer 02299,Consumer,Bengaluru,R02,2025-02-22
C02300,Customer 02300,SMB,Jaipur,R01,2024-07-13
C02301,Customer 02301,SMB,Bhubaneswar,R03,2024-02-09
C02302,Customer 02302,Consumer,Surat,R04,2024-06-13
C02303,Customer 02303,Consumer,Chennai,R02,2025-04-26
C02304,Customer 02304,Enterprise,Kolkata,R03,2025-08-12
C02305,Customer 02305,Consumer,Guwahati,R03,2024-07-24
C02306,Customer 02306,Consumer,Chandigarh,R01,2024-10-20
C02307,Customer 02307,SMB,Surat,R04,2025-08-02
C02308,Customer 02308,Consumer,Delhi,R01,2024-07-29
C02309,Customer 02309,Consumer,Kochi,R02,2024-11-05
C02310,Customer 02310,Enterprise,Delhi,R01,2024-05-13
C02311,Customer 02311,SMB,Lucknow,R01,2025-04-22
C02312,Customer 02312,Enterprise,Kochi,R02,2024-02-20
C02313,Customer 02313,Consumer,Delhi,R01,2024-03-26
C02314,Customer 02314,Consumer,Guwahati,R03,2024-03-01
C02315,Customer 02315,SMB,Patna,R03,2024-03-20
C02316,Customer 02316,SMB,Chandigarh,R01,2024-09-11
C02317,Customer 02317,Consumer,Kolkata,R03,2024-02-07
C02318,Customer 02318,Premium,Kolkata,R03,2025-03-19
C02319,Customer 02319,Consumer,Bhubaneswar,R03,2024-02-10
C02320,Customer 02320,Consumer,Kolkata,R03,2025-04-10
C02321,Customer 02321,Consumer,Guwahati,R03,2025-02-03
C02322,Customer 02322,Consumer,Pune,R04,2025-09-01
C02323,Customer 02323,Premium,Surat,R04,2024-01-02
C02324,Customer 02324,SMB,Delhi,R01,2024-09-25
C02325,Customer 02325,Consumer,Kolkata,R03,2024-12-15
C02326,Customer 02326,Consumer,Chennai,R02,2025-11-25
C02327,Customer 02327,Consumer,Chandigarh,R01,2025-05-01
C02328,Customer 02328,Consumer,Lucknow,R01,2025-09-22
C02329,Customer 02329,Consumer,Delhi,R01,2024-04-06
C02330,Customer 02330,Consumer,Kolkata,R03,2024-09-06
C02331,Customer 02331,Consumer,Jaipur,R01,2025-12-09
C02332,Customer 02332,Consumer,Chandigarh,R01,2025-01-25
C02333,Customer 02333,SMB,Jaipur,R01,2024-08-15
C02334,Customer 02334,Consumer,Bhubaneswar,R03,2024-07-11
C02335,Customer 02335,Premium,Mumbai,R04,2025-04-22
C02336,Customer 02336,Consumer,Chandigarh,R01,2024-05-13
C02337,Customer 02337,Consumer,Kolkata,R03,2025-07-24
C02338,Customer 02338,SMB,Jaipur,R01,2025-04-12
C02339,Customer 02339,Enterprise,Guwahati,R03,2025-06-18
C02340,Customer 02340,Enterprise,Hyderabad,R02,2025-11-01
C02341,Customer 02341,SMB,Surat,R04,2024-05-25
C02342,Customer 02342,Consumer,Kochi,R02,2024-07-25
C02343,Customer 02343,SMB,Delhi,R01,2025-01-08
C02344,Customer 02344,Premium,Jaipur,R01,2024-01-03
C02345,Customer 02345,SMB,Lucknow,R01,2025-11-03
C02346,Customer 02346,Enterprise,Chennai,R02,2025-02-20
C02347,Customer 02347,SMB,Ahmedabad,R04,2025-06-20
C02348,Customer 02348,SMB,Kochi,R02,2024-09-09
C02349,Customer 02349,Consumer,Patna,R03,2025-02-14
C02350,Customer 02350,Consumer,Kochi,R02,2024-11-08
C02351,Customer 02351,SMB,Chandigarh,R01,2025-03-07
C02352,Customer 02352,Consumer,Kochi,R02,2024-09-28
C02353,Customer 02353,SMB,Delhi,R01,2024-10-09
C02354,Customer 02354,Consumer,Ahmedabad,R04,2025-04-27
C02355,Customer 02355,SMB,Lucknow,R01,2024-04-04
C02356,Customer 02356,SMB,Hyderabad,R02,2025-03-30
C02357,Customer 02357,Consumer,Chandigarh,R01,2025-10-03
C02358,Customer 02358,Consumer,Lucknow,R01,2024-12-20
C02359,Customer 02359,Enterprise,Jaipur,R01,2025-03-18
C02360,Customer 02360,Premium,Chandigarh,R01,2024-12-01
C02361,Customer 02361,SMB,Lucknow,R01,2024-08-14
C02362,Customer 02362,Consumer,Bhubaneswar,R03,2024-05-15
C02363,Customer 02363,Consumer,Ahmedabad,R04,2024-02-27
C02364,Customer 02364,Enterprise,Kochi,R02,2024-01-23
C02365,Customer 02365,Enterprise,Kolkata,R03,2024-09-08
C02366,Customer 02366,Consumer,Hyderabad,R02,2025-03-13
C02367,Customer 02367,SMB,Chennai,R02,2024-09-10
C02368,Customer 02368,Consumer,Bhubaneswar,R03,2024-05-22
C02369,Customer 02369,Consumer,Bengaluru,R02,2024-07-20
C02370,Customer 02370,SMB,Kolkata,R03,2024-04-16
C02371,Customer 02371,SMB,Kolkata,R03,2024-04-23
C02372,Customer 02372,Consumer,Chennai,R02,2024-11-26
C02373,Customer 02373,SMB,Kochi,R02,2025-12-04
C02374,Customer 02374,Consumer,Surat,R04,2024-06-13
C02375,Customer 02375,Consumer,Delhi,R01,2025-08-25
C02376,Customer 02376,SMB,Kolkata,R03,2025-09-03
C02377,Customer 02377,Consumer,Ahmedabad,R04,2024-11-07
C02378,Customer 02378,Consumer,Delhi,R01,2025-07-31
C02379,Customer 02379,Premium,Kolkata,R03,2025-04-05
C02380,Customer 02380,Consumer,Pune,R04,2025-03-25
C02381,Customer 02381,Consumer,Chandigarh,R01,2024-12-04
C02382,Customer 02382,Premium,Bengaluru,R02,2024-09-17
C02383,Customer 02383,SMB,Patna,R03,2025-08-25
C02384,Customer 02384,Consumer,Chandigarh,R01,2024-12-18
C02385,Customer 02385,Consumer,Chandigarh,R01,2025-04-25
C02386,Customer 02386,SMB,Jaipur,R01,2025-05-29
C02387,Customer 02387,Consumer,Kochi,R02,2024-04-24
C02388,Customer 02388,Consumer,Pune,R04,2024-01-28
C02389,Customer 02389,Consumer,Pune,R04,2025-03-26
C02390,Customer 02390,Consumer,Patna,R03,2024-01-19
C02391,Customer 02391,Consumer,Hyderabad,R02,2025-04-24
C02392,Customer 02392,Consumer,Kolkata,R03,2025-07-01
C02393,Customer 02393,Consumer,Kochi,R02,2025-07-06
C02394,Customer 02394,Enterprise,Bengaluru,R02,2024-03-04
C02395,Customer 02395,SMB,Lucknow,R01,2024-06-02
C02396,Customer 02396,Enterprise,Pune,R04,2024-09-01
C02397,Customer 02397,Premium,Guwahati,R03,2025-09-17
C02398,Customer 02398,Consumer,Surat,R04,2025-12-24
C02399,Customer 02399,Enterprise,Chandigarh,R01,2025-11-13
C02400,Customer 02400,Premium,Patna,R03,2024-07-22
C02401,Customer 02401,SMB,Mumbai,R04,2025-09-08
C02402,Customer 02402,SMB,Guwahati,R03,2024-04-28
C02403,Customer 02403,SMB,Mumbai,R04,2024-11-22
C02404,Customer 02404,SMB,Mumbai,R04,2024-09-12
C02405,Customer 02405,Enterprise,Mumbai,R04,2024-01-31
C02406,Customer 02406,SMB,Surat,R04,2024-04-21
C02407,Customer 02407,SMB,Lucknow,R01,2024-09-12
C02408,Customer 02408,SMB,Patna,R03,2024-12-22
C02409,Customer 02409,Consumer,Mumbai,R04,2025-06-21
C02410,Customer 02410,SMB,Pune,R04,2024-03-21
C02411,Customer 02411,Enterprise,Chennai,R02,2025-06-29
C02412,Customer 02412,Consumer,Bhubaneswar,R03,2024-10-21
C02413,Customer 02413,Premium,Bengaluru,R02,2024-07-14
C02414,Customer 02414,Enterprise,Bhubaneswar,R03,2024-12-08
C02415,Customer 02415,Consumer,Pune,R04,2025-02-13
C02416,Customer 02416,SMB,Bengaluru,R02,2024-04-20
C02417,Customer 02417,Premium,Patna,R03,2024-03-08
C02418,Customer 02418,Consumer,Pune,R04,2024-11-25
C02419,Customer 02419,Premium,Ahmedabad,R04,2024-11-02
C02420,Customer 02420,SMB,Guwahati,R03,2024-12-27
C02421,Customer 02421,Premium,Surat,R04,2024-03-15
C02422,Customer 02422,Consumer,Pune,R04,2024-11-12
C02423,Customer 02423,Consumer,Pune,R04,2024-11-03
C02424,Customer 02424,SMB,Mumbai,R04,2025-01-05
C02425,Customer 02425,SMB,Bhubaneswar,R03,2025-11-02
C02426,Customer 02426,Enterprise,Bhubaneswar,R03,2024-04-04
C02427,Customer 02427,Consumer,Pune,R04,2024-06-20
C02428,Customer 02428,SMB,Jaipur,R01,2025-02-07
C02429,Customer 02429,Consumer,Kochi,R02,2024-08-15
C02430,Customer 02430,Consumer,Pune,R04,2025-05-28
C02431,Customer 02431,Consumer,Kolkata,R03,2025-05-05
C02432,Customer 02432,SMB,Pune,R04,2024-07-31
C02433,Customer 02433,Enterprise,Guwahati,R03,2024-09-23
C02434,Customer 02434,Consumer,Bhubaneswar,R03,2025-07-03
C02435,Customer 02435,Consumer,Chandigarh,R01,2024-04-14
C02436,Customer 02436,Consumer,Chandigarh,R01,2025-12-13
C02437,Customer 02437,SMB,Chennai,R02,2025-12-20
C02438,Customer 02438,SMB,Chennai,R02,2024-04-07
C02439,Customer 02439,Enterprise,Chandigarh,R01,2024-12-04
C02440,Customer 02440,Enterprise,Delhi,R01,2025-02-10
C02441,Customer 02441,Consumer,Mumbai,R04,2024-03-18
C02442,Customer 02442,Consumer,Delhi,R01,2025-01-17
C02443,Customer 02443,Premium,Lucknow,R01,2024-03-22
C02444,Customer 02444,Consumer,Jaipur,R01,2025-04-18
C02445,Customer 02445,Enterprise,Chennai,R02,2025-01-19
C02446,Customer 02446,SMB,Bengaluru,R02,2025-11-22
C02447,Customer 02447,Consumer,Mumbai,R04,2024-08-20
C02448,Customer 02448,SMB,Delhi,R01,2025-10-02
C02449,Customer 02449,SMB,Jaipur,R01,2025-05-22
C02450,Customer 02450,Consumer,Bhubaneswar,R03,2025-07-25
C02451,Customer 02451,Consumer,Mumbai,R04,2024-06-18
C02452,Customer 02452,Consumer,Chennai,R02,2024-12-06
C02453,Customer 02453,Consumer,Pune,R04,2024-08-19
C02454,Customer 02454,SMB,Lucknow,R01,2025-10-31
C02455,Customer 02455,SMB,Bhubaneswar,R03,2025-09-26
C02456,Customer 02456,SMB,Kochi,R02,2025-09-15
C02457,Customer 02457,Premium,Bhubaneswar,R03,2025-04-02
C02458,Customer 02458,Consumer,Surat,R04,2025-08-16
C02459,Customer 02459,SMB,Delhi,R01,2025-01-07
C02460,Customer 02460,Enterprise,Chennai,R02,2025-05-14
C02461,Customer 02461,Consumer,Jaipur,R01,2025-11-05
C02462,Customer 02462,SMB,Bengaluru,R02,2024-07-18
C02463,Customer 02463,SMB,Ahmedabad,R04,2024-03-13
C02464,Customer 02464,SMB,Patna,R03,2025-01-07
C02465,Customer 02465,Enterprise,Mumbai,R04,2024-08-30
C02466,Customer 02466,SMB,Guwahati,R03,2024-07-13
C02467,Customer 02467,Consumer,Kochi,R02,2025-09-19
C02468,Customer 02468,Enterprise,Guwahati,R03,2025-11-27
C02469,Customer 02469,SMB,Pune,R04,2025-07-12
C02470,Customer 02470,Consumer,Ahmedabad,R04,2025-02-18
C02471,Customer 02471,Enterprise,Delhi,R01,2024-07-08
C02472,Customer 02472,Consumer,Bengaluru,R02,2024-06-29
C02473,Customer 02473,SMB,Patna,R03,2025-12-24
C02474,Customer 02474,Premium,Surat,R04,2025-06-20
C02475,Customer 02475,Consumer,Patna,R03,2024-01-11
C02476,Customer 02476,Premium,Bhubaneswar,R03,2024-01-15
C02477,Customer 02477,SMB,Bengaluru,R02,2024-08-30
C02478,Customer 02478,Enterprise,Ahmedabad,R04,2024-04-27
C02479,Customer 02479,Consumer,Delhi,R01,2024-07-03
C02480,Customer 02480,SMB,Chennai,R02,2024-09-30
C02481,Customer 02481,Consumer,Patna,R03,2024-07-12
C02482,Customer 02482,Enterprise,Guwahati,R03,2025-10-02
C02483,Customer 02483,Premium,Delhi,R01,2024-07-01
C02484,Customer 02484,SMB,Lucknow,R01,2025-03-05
C02485,Customer 02485,Consumer,Surat,R04,2025-07-23
C02486,Customer 02486,Consumer,Delhi,R01,2025-07-03
C02487,Customer 02487,Enterprise,Jaipur,R01,2025-10-23
C02488,Customer 02488,Consumer,Patna,R03,2024-06-02
C02489,Customer 02489,Consumer,Chandigarh,R01,2024-09-17
C02490,Customer 02490,Consumer,Chandigarh,R01,2024-06-09
C02491,Customer 02491,Consumer,Chandigarh,R01,2024-07-16
C02492,Customer 02492,Consumer,Delhi,R01,2025-01-09
C02493,Customer 02493,Premium,Bengaluru,R02,2024-08-12
C02494,Customer 02494,Consumer,Patna,R03,2024-02-06
C02495,Customer 02495,Consumer,Kolkata,R03,2025-11-21
C02496,Customer 02496,Enterprise,Kolkata,R03,2025-01-04
C02497,Customer 02497,Consumer,Kochi,R02,2024-04-23
C02498,Customer 02498,Consumer,Ahmedabad,R04,2025-01-13
C02499,Customer 02499,Consumer,Chandigarh,R01,2024-02-07
C02500,Customer 02500,Consumer,Kolkata,R03,2025-06-10
C02501,Customer 02501,Consumer,Kochi,R02,2024-03-02
C02502,Customer 02502,Consumer,Surat,R04,2024-02-27
C02503,Customer 02503,Enterprise,Jaipur,R01,2025-05-25
C02504,Customer 02504,Consumer,Lucknow,R01,2025-10-01
C02505,Customer 02505,Consumer,Jaipur,R01,2024-03-20
C02506,Customer 02506,Consumer,Lucknow,R01,2025-11-20
C02507,Customer 02507,SMB,Ahmedabad,R04,2025-07-10
C02508,Customer 02508,Enterprise,Guwahati,R03,2025-03-26
C02509,Customer 02509,SMB,Hyderabad,R02,2025-10-18
C02510,Customer 02510,Consumer,Bhubaneswar,R03,2025-03-18
C02511,Customer 02511,Consumer,Lucknow,R01,2025-11-16
C02512,Customer 02512,Premium,Pune,R04,2025-12-08
C02513,Customer 02513,SMB,Kochi,R02,2025-03-21
C02514,Customer 02514,SMB,Kolkata,R03,2024-05-09
C02515,Customer 02515,Consumer,Bhubaneswar,R03,2024-01-23
C02516,Customer 02516,SMB,Surat,R04,2025-09-22
C02517,Customer 02517,SMB,Bhubaneswar,R03,2024-10-24
C02518,Customer 02518,Premium,Bengaluru,R02,2025-08-09
C02519,Customer 02519,Consumer,Pune,R04,2025-10-16
C02520,Customer 02520,Consumer,Bengaluru,R02,2024-03-09
C02521,Customer 02521,Consumer,Kolkata,R03,2025-12-29
C02522,Customer 02522,Enterprise,Bengaluru,R02,2024-04-26
C02523,Customer 02523,Enterprise,Delhi,R01,2024-03-21
C02524,Customer 02524,Consumer,Lucknow,R01,2024-03-20
C02525,Customer 02525,Consumer,Hyderabad,R02,2024-11-05
C02526,Customer 02526,Premium,Kolkata,R03,2024-03-22
C02527,Customer 02527,Consumer,Kolkata,R03,2024-05-12
C02528,Customer 02528,Consumer,Surat,R04,2024-06-27
C02529,Customer 02529,Consumer,Patna,R03,2024-06-30
C02530,Customer 02530,Consumer,Delhi,R01,2024-11-08
C02531,Customer 02531,SMB,Chandigarh,R01,2025-01-15
C02532,Customer 02532,SMB,Bhubaneswar,R03,2024-05-27
C02533,Customer 02533,Consumer,Guwahati,R03,2025-04-02
C02534,Customer 02534,Enterprise,Ahmedabad,R04,2025-02-26
C02535,Customer 02535,Consumer,Bengaluru,R02,2025-11-07
C02536,Customer 02536,Consumer,Bhubaneswar,R03,2025-08-02
C02537,Customer 02537,Enterprise,Kolkata,R03,2025-03-09
C02538,Customer 02538,SMB,Lucknow,R01,2024-09-04
C02539,Customer 02539,Consumer,Delhi,R01,2024-08-06
C02540,Customer 02540,Consumer,Chandigarh,R01,2025-10-31
C02541,Customer 02541,Premium,Guwahati,R03,2025-04-04
C02542,Customer 02542,SMB,Guwahati,R03,2025-01-18
C02543,Customer 02543,SMB,Pune,R04,2025-07-27
C02544,Customer 02544,Consumer,Ahmedabad,R04,2025-07-29
C02545,Customer 02545,Enterprise,Bengaluru,R02,2024-08-26
C02546,Customer 02546,Consumer,Chandigarh,R01,2025-09-12
C02547,Customer 02547,Enterprise,Guwahati,R03,2025-11-26
C02548,Customer 02548,Enterprise,Chennai,R02,2024-05-20
C02549,Customer 02549,Consumer,Jaipur,R01,2025-04-11
C02550,Customer 02550,SMB,Bhubaneswar,R03,2024-11-13
C02551,Customer 02551,Consumer,Delhi,R01,2025-12-28
C02552,Customer 02552,SMB,Ahmedabad,R04,2024-01-27
C02553,Customer 02553,Enterprise,Guwahati,R03,2024-12-26
C02554,Customer 02554,Consumer,Kolkata,R03,2025-08-24
C02555,Customer 02555,Premium,Bengaluru,R02,2025-08-09
C02556,Customer 02556,SMB,Pune,R04,2025-02-11
C02557,Customer 02557,Consumer,Bhubaneswar,R03,2024-05-20
C02558,Customer 02558,SMB,Surat,R04,2025-08-20
C02559,Customer 02559,Consumer,Jaipur,R01,2024-12-16
C02560,Customer 02560,SMB,Jaipur,R01,2025-06-10
C02561,Customer 02561,SMB,Mumbai,R04,2024-12-16
C02562,Customer 02562,SMB,Mumbai,R04,2024-03-30
C02563,Customer 02563,Consumer,Pune,R04,2024-11-13
C02564,Customer 02564,Consumer,Guwahati,R03,2025-03-18
C02565,Customer 02565,Enterprise,Delhi,R01,2025-10-06
C02566,Customer 02566,SMB,Chennai,R02,2025-04-05
C02567,Customer 02567,Enterprise,Kochi,R02,2024-10-23
C02568,Customer 02568,Consumer,Ahmedabad,R04,2025-04-01
C02569,Customer 02569,Consumer,Pune,R04,2024-10-13
C02570,Customer 02570,Consumer,Chennai,R02,2024-04-04
C02571,Customer 02571,Consumer,Jaipur,R01,2024-07-01
C02572,Customer 02572,SMB,Chennai,R02,2025-07-02
C02573,Customer 02573,SMB,Patna,R03,2025-07-09
C02574,Customer 02574,Consumer,Mumbai,R04,2025-08-04
C02575,Customer 02575,Consumer,Patna,R03,2025-10-31
C02576,Customer 02576,Consumer,Kolkata,R03,2025-08-01
C02577,Customer 02577,Consumer,Hyderabad,R02,2024-08-10
C02578,Customer 02578,Consumer,Chandigarh,R01,2024-01-07
C02579,Customer 02579,SMB,Chennai,R02,2024-03-04
C02580,Customer 02580,SMB,Patna,R03,2024-11-28
C02581,Customer 02581,Consumer,Delhi,R01,2024-01-21
C02582,Customer 02582,Consumer,Ahmedabad,R04,2025-10-26
C02583,Customer 02583,Enterprise,Mumbai,R04,2024-08-01
C02584,Customer 02584,Consumer,Pune,R04,2024-10-28
C02585,Customer 02585,SMB,Mumbai,R04,2025-03-09
C02586,Customer 02586,Consumer,Surat,R04,2025-05-09
C02587,Customer 02587,Enterprise,Ahmedabad,R04,2024-09-19
C02588,Customer 02588,Consumer,Bengaluru,R02,2025-08-21
C02589,Customer 02589,SMB,Jaipur,R01,2025-10-14
C02590,Customer 02590,SMB,Kochi,R02,2025-12-14
C02591,Customer 02591,Consumer,Bhubaneswar,R03,2024-02-10
C02592,Customer 02592,SMB,Kolkata,R03,2024-09-16
C02593,Customer 02593,Consumer,Bengaluru,R02,2025-02-27
C02594,Customer 02594,SMB,Bhubaneswar,R03,2024-02-14
C02595,Customer 02595,SMB,Lucknow,R01,2025-04-12
C02596,Customer 02596,Enterprise,Guwahati,R03,2025-07-07
C02597,Customer 02597,Consumer,Bengaluru,R02,2024-02-24
C02598,Customer 02598,SMB,Guwahati,R03,2025-02-28
C02599,Customer 02599,Enterprise,Lucknow,R01,2025-12-13
C02600,Customer 02600,Consumer,Delhi,R01,2025-02-09
C02601,Customer 02601,SMB,Bengaluru,R02,2024-08-03
C02602,Customer 02602,Enterprise,Kochi,R02,2024-10-04
C02603,Customer 02603,SMB,Kochi,R02,2024-03-05
C02604,Customer 02604,Enterprise,Ahmedabad,R04,2024-11-05
C02605,Customer 02605,Consumer,Mumbai,R04,2024-02-27
C02606,Customer 02606,SMB,Chennai,R02,2024-03-18
C02607,Customer 02607,SMB,Chennai,R02,2025-03-03
C02608,Customer 02608,Premium,Delhi,R01,2024-03-31
C02609,Customer 02609,Premium,Hyderabad,R02,2024-08-22
C02610,Customer 02610,SMB,Bengaluru,R02,2024-01-25
C02611,Customer 02611,Consumer,Hyderabad,R02,2025-04-16
C02612,Customer 02612,Enterprise,Ahmedabad,R04,2025-03-28
C02613,Customer 02613,SMB,Pune,R04,2024-03-29
C02614,Customer 02614,Consumer,Kochi,R02,2025-12-11
C02615,Customer 02615,Consumer,Mumbai,R04,2024-06-20
C02616,Customer 02616,Enterprise,Bhubaneswar,R03,2025-12-18
C02617,Customer 02617,Premium,Guwahati,R03,2024-03-10
C02618,Customer 02618,SMB,Kolkata,R03,2024-09-04
C02619,Customer 02619,Consumer,Mumbai,R04,2024-02-26
C02620,Customer 02620,Premium,Hyderabad,R02,2024-05-27
C02621,Customer 02621,Consumer,Kochi,R02,2025-02-25
C02622,Customer 02622,Consumer,Bhubaneswar,R03,2024-10-24
C02623,Customer 02623,Consumer,Jaipur,R01,2024-05-11
C02624,Customer 02624,Consumer,Hyderabad,R02,2024-06-05
C02625,Customer 02625,Premium,Chennai,R02,2024-09-27
C02626,Customer 02626,SMB,Delhi,R01,2024-08-25
C02627,Customer 02627,SMB,Bengaluru,R02,2025-05-23
C02628,Customer 02628,SMB,Jaipur,R01,2025-04-18
C02629,Customer 02629,SMB,Guwahati,R03,2024-08-21
C02630,Customer 02630,Consumer,Chennai,R02,2024-09-12
C02631,Customer 02631,Consumer,Hyderabad,R02,2025-10-17
C02632,Customer 02632,Consumer,Hyderabad,R02,2025-05-09
C02633,Customer 02633,SMB,Mumbai,R04,2024-12-17
C02634,Customer 02634,Premium,Chennai,R02,2025-08-08
C02635,Customer 02635,Consumer,Patna,R03,2025-05-28
C02636,Customer 02636,SMB,Kochi,R02,2025-03-20
C02637,Customer 02637,Consumer,Hyderabad,R02,2025-12-13
C02638,Customer 02638,Consumer,Chandigarh,R01,2024-06-02
C02639,Customer 02639,Premium,Delhi,R01,2025-03-02
C02640,Customer 02640,Premium,Chandigarh,R01,2025-03-15
C02641,Customer 02641,SMB,Bengaluru,R02,2025-06-07
C02642,Customer 02642,SMB,Patna,R03,2024-08-19
C02643,Customer 02643,Enterprise,Patna,R03,2025-08-30
C02644,Customer 02644,Consumer,Surat,R04,2025-12-21
C02645,Customer 02645,SMB,Hyderabad,R02,2025-02-22
C02646,Customer 02646,Enterprise,Bhubaneswar,R03,2025-06-24
C02647,Customer 02647,Consumer,Surat,R04,2024-02-03
C02648,Customer 02648,SMB,Kolkata,R03,2024-07-23
C02649,Customer 02649,Enterprise,Patna,R03,2025-03-04
C02650,Customer 02650,Consumer,Bengaluru,R02,2025-01-06
C02651,Customer 02651,Consumer,Delhi,R01,2025-01-11
C02652,Customer 02652,Premium,Mumbai,R04,2024-08-13
C02653,Customer 02653,SMB,Kolkata,R03,2025-11-30
C02654,Customer 02654,SMB,Bhubaneswar,R03,2025-05-23
C02655,Customer 02655,Premium,Lucknow,R01,2025-10-05
C02656,Customer 02656,Consumer,Guwahati,R03,2024-02-19
C02657,Customer 02657,SMB,Hyderabad,R02,2025-01-05
C02658,Customer 02658,Consumer,Bhubaneswar,R03,2025-03-11
C02659,Customer 02659,SMB,Surat,R04,2025-11-03
C02660,Customer 02660,Enterprise,Patna,R03,2025-06-06
C02661,Customer 02661,Premium,Ahmedabad,R04,2024-10-04
C02662,Customer 02662,SMB,Chandigarh,R01,2025-04-06
C02663,Customer 02663,Consumer,Jaipur,R01,2025-12-08
C02664,Customer 02664,Premium,Kolkata,R03,2024-09-23
C02665,Customer 02665,Consumer,Bengaluru,R02,2025-07-23
C02666,Customer 02666,Consumer,Bhubaneswar,R03,2024-10-16
C02667,Customer 02667,SMB,Ahmedabad,R04,2025-09-13
C02668,Customer 02668,SMB,Lucknow,R01,2025-03-12
C02669,Customer 02669,Consumer,Patna,R03,2025-05-28
C02670,Customer 02670,SMB,Chandigarh,R01,2025-11-25
C02671,Customer 02671,Enterprise,Mumbai,R04,2025-09-27
C02672,Customer 02672,SMB,Chandigarh,R01,2025-07-27
C02673,Customer 02673,Premium,Patna,R03,2025-02-21
C02674,Customer 02674,Consumer,Bengaluru,R02,2025-07-13
C02675,Customer 02675,SMB,Ahmedabad,R04,2025-08-08
C02676,Customer 02676,Consumer,Delhi,R01,2024-01-04
C02677,Customer 02677,Consumer,Mumbai,R04,2025-07-11
C02678,Customer 02678,Enterprise,Pune,R04,2025-01-13
C02679,Customer 02679,Enterprise,Chandigarh,R01,2025-01-19
C02680,Customer 02680,Enterprise,Kochi,R02,2025-09-22
C02681,Customer 02681,Premium,Hyderabad,R02,2025-01-11
C02682,Customer 02682,Enterprise,Kolkata,R03,2025-01-20
C02683,Customer 02683,Enterprise,Bhubaneswar,R03,2024-03-27
C02684,Customer 02684,SMB,Jaipur,R01,2024-01-01
C02685,Customer 02685,Premium,Kolkata,R03,2025-03-07
C02686,Customer 02686,Consumer,Jaipur,R01,2025-06-08
C02687,Customer 02687,Consumer,Surat,R04,2025-01-19
C02688,Customer 02688,SMB,Lucknow,R01,2024-01-20
C02689,Customer 02689,Premium,Patna,R03,2025-08-12
C02690,Customer 02690,Consumer,Kochi,R02,2024-12-18
C02691,Customer 02691,SMB,Lucknow,R01,2024-02-28
C02692,Customer 02692,Enterprise,Hyderabad,R02,2025-03-22
C02693,Customer 02693,Consumer,Mumbai,R04,2024-07-13
C02694,Customer 02694,Consumer,Jaipur,R01,2024-03-31
C02695,Customer 02695,Consumer,Guwahati,R03,2025-08-11
C02696,Customer 02696,Premium,Bhubaneswar,R03,2025-10-09
C02697,Customer 02697,Consumer,Lucknow,R01,2024-10-22
C02698,Customer 02698,Premium,Jaipur,R01,2024-06-18
C02699,Customer 02699,Consumer,Surat,R04,2024-08-27
C02700,Customer 02700,Consumer,Bengaluru,R02,2025-01-07
C02701,Customer 02701,Consumer,Surat,R04,2025-01-23
C02702,Customer 02702,Consumer,Kochi,R02,2024-11-09
C02703,Customer 02703,Enterprise,Jaipur,R01,2025-10-12
C02704,Customer 02704,Consumer,Chandigarh,R01,2025-03-02
C02705,Customer 02705,Consumer,Chennai,R02,2024-02-20
C02706,Customer 02706,Consumer,Chennai,R02,2024-02-15
C02707,Customer 02707,SMB,Chandigarh,R01,2025-01-16
C02708,Customer 02708,SMB,Pune,R04,2024-11-07
C02709,Customer 02709,Consumer,Lucknow,R01,2025-03-22
C02710,Customer 02710,Enterprise,Bengaluru,R02,2025-01-21
C02711,Customer 02711,Consumer,Bengaluru,R02,2024-11-26
C02712,Customer 02712,Premium,Pune,R04,2024-03-25
C02713,Customer 02713,Enterprise,Surat,R04,2024-10-14
C02714,Customer 02714,SMB,Surat,R04,2024-05-31
C02715,Customer 02715,Enterprise,Patna,R03,2024-06-04
C02716,Customer 02716,Consumer,Chennai,R02,2024-05-12
C02717,Customer 02717,SMB,Bengaluru,R02,2025-01-26
C02718,Customer 02718,SMB,Pune,R04,2025-07-15
C02719,Customer 02719,SMB,Jaipur,R01,2024-07-26
C02720,Customer 02720,Consumer,Chennai,R02,2024-06-20
C02721,Customer 02721,Consumer,Pune,R04,2025-08-28
C02722,Customer 02722,Consumer,Patna,R03,2024-02-15
C02723,Customer 02723,SMB,Chennai,R02,2025-12-17
C02724,Customer 02724,Consumer,Kolkata,R03,2024-09-03
C02725,Customer 02725,SMB,Surat,R04,2025-05-28
C02726,Customer 02726,Enterprise,Kolkata,R03,2025-01-22
C02727,Customer 02727,Consumer,Patna,R03,2024-11-19
C02728,Customer 02728,SMB,Patna,R03,2024-06-16
C02729,Customer 02729,Consumer,Pune,R04,2024-07-31
C02730,Customer 02730,Consumer,Ahmedabad,R04,2025-09-25
C02731,Customer 02731,Consumer,Surat,R04,2025-08-08
C02732,Customer 02732,Consumer,Kochi,R02,2025-09-13
C02733,Customer 02733,SMB,Pune,R04,2025-11-14
C02734,Customer 02734,Consumer,Chandigarh,R01,2024-11-04
C02735,Customer 02735,Consumer,Hyderabad,R02,2024-12-22
C02736,Customer 02736,Consumer,Jaipur,R01,2025-06-03
C02737,Customer 02737,SMB,Bhubaneswar,R03,2024-06-30
C02738,Customer 02738,Enterprise,Pune,R04,2024-03-10
C02739,Customer 02739,Consumer,Guwahati,R03,2024-09-12
C02740,Customer 02740,SMB,Pune,R04,2025-06-15
C02741,Customer 02741,Enterprise,Lucknow,R01,2024-01-22
C02742,Customer 02742,Enterprise,Surat,R04,2025-02-26
C02743,Customer 02743,Enterprise,Lucknow,R01,2025-09-22
C02744,Customer 02744,Consumer,Pune,R04,2024-05-20
C02745,Customer 02745,Consumer,Ahmedabad,R04,2024-05-06
C02746,Customer 02746,Premium,Bhubaneswar,R03,2025-08-05
C02747,Customer 02747,SMB,Jaipur,R01,2025-04-25
C02748,Customer 02748,Consumer,Jaipur,R01,2025-01-25
C02749,Customer 02749,SMB,Lucknow,R01,2024-04-29
C02750,Customer 02750,Consumer,Kolkata,R03,2025-04-19
C02751,Customer 02751,Consumer,Delhi,R01,2025-10-05
C02752,Customer 02752,Consumer,Surat,R04,2025-11-04
C02753,Customer 02753,Consumer,Bengaluru,R02,2024-10-08
C02754,Customer 02754,Consumer,Bhubaneswar,R03,2024-09-17
C02755,Customer 02755,Consumer,Jaipur,R01,2025-04-12
C02756,Customer 02756,SMB,Bengaluru,R02,2024-04-28
C02757,Customer 02757,Consumer,Hyderabad,R02,2025-05-19
C02758,Customer 02758,Enterprise,Kolkata,R03,2024-12-25
C02759,Customer 02759,Consumer,Kochi,R02,2024-10-21
C02760,Customer 02760,SMB,Pune,R04,2025-05-29
C02761,Customer 02761,Consumer,Jaipur,R01,2025-10-03
C02762,Customer 02762,SMB,Lucknow,R01,2025-12-18
C02763,Customer 02763,SMB,Pune,R04,2024-02-04
C02764,Customer 02764,SMB,Chandigarh,R01,2024-05-06
C02765,Customer 02765,Enterprise,Guwahati,R03,2025-11-18
C02766,Customer 02766,Enterprise,Patna,R03,2025-03-15
C02767,Customer 02767,SMB,Mumbai,R04,2025-10-17
C02768,Customer 02768,Consumer,Patna,R03,2024-07-19
C02769,Customer 02769,Consumer,Chennai,R02,2024-04-25
C02770,Customer 02770,SMB,Patna,R03,2024-04-09
C02771,Customer 02771,Consumer,Kolkata,R03,2024-06-21
C02772,Customer 02772,Premium,Kochi,R02,2024-05-20
C02773,Customer 02773,Consumer,Pune,R04,2025-07-15
C02774,Customer 02774,SMB,Lucknow,R01,2024-09-29
C02775,Customer 02775,Consumer,Patna,R03,2025-01-21
C02776,Customer 02776,Enterprise,Patna,R03,2024-12-17
C02777,Customer 02777,Consumer,Ahmedabad,R04,2024-12-03
C02778,Customer 02778,SMB,Guwahati,R03,2025-08-21
C02779,Customer 02779,Enterprise,Patna,R03,2024-01-06
C02780,Customer 02780,SMB,Chandigarh,R01,2025-07-28
C02781,Customer 02781,SMB,Guwahati,R03,2024-08-01
C02782,Customer 02782,SMB,Pune,R04,2025-03-21
C02783,Customer 02783,Consumer,Kolkata,R03,2024-10-14
C02784,Customer 02784,Consumer,Surat,R04,2025-06-03
C02785,Customer 02785,Enterprise,Surat,R04,2025-11-10
C02786,Customer 02786,SMB,Kolkata,R03,2024-01-17
C02787,Customer 02787,Consumer,Delhi,R01,2024-08-26
C02788,Customer 02788,Consumer,Bhubaneswar,R03,2025-10-28
C02789,Customer 02789,Premium,Kochi,R02,2024-09-08
C02790,Customer 02790,SMB,Chandigarh,R01,2024-06-23
C02791,Customer 02791,Consumer,Chandigarh,R01,2024-09-17
C02792,Customer 02792,Enterprise,Guwahati,R03,2025-03-22
C02793,Customer 02793,Consumer,Lucknow,R01,2025-06-12
C02794,Customer 02794,Premium,Chandigarh,R01,2024-04-06
C02795,Customer 02795,Enterprise,Chandigarh,R01,2025-11-16
C02796,Customer 02796,Consumer,Jaipur,R01,2025-02-23
C02797,Customer 02797,Consumer,Jaipur,R01,2024-04-04
C02798,Customer 02798,SMB,Surat,R04,2024-04-15
C02799,Customer 02799,SMB,Patna,R03,2024-01-24
C02800,Customer 02800,SMB,Lucknow,R01,2025-10-24
C02801,Customer 02801,SMB,Jaipur,R01,2024-03-24
C02802,Customer 02802,SMB,Surat,R04,2024-12-14
C02803,Customer 02803,Consumer,Pune,R04,2025-08-15
C02804,Customer 02804,Consumer,Surat,R04,2024-04-02
C02805,Customer 02805,Consumer,Jaipur,R01,2024-03-31
C02806,Customer 02806,Consumer,Hyderabad,R02,2025-03-27
C02807,Customer 02807,Enterprise,Kolkata,R03,2024-01-19
C02808,Customer 02808,Consumer,Mumbai,R04,2024-11-30
C02809,Customer 02809,Consumer,Delhi,R01,2024-12-19
C02810,Customer 02810,Enterprise,Kochi,R02,2025-11-10
C02811,Customer 02811,Premium,Bhubaneswar,R03,2024-10-07
C02812,Customer 02812,Consumer,Chennai,R02,2024-07-21
C02813,Customer 02813,Enterprise,Kolkata,R03,2024-11-11
C02814,Customer 02814,Consumer,Bengaluru,R02,2025-04-25
C02815,Customer 02815,SMB,Surat,R04,2025-12-07
C02816,Customer 02816,Premium,Chennai,R02,2024-04-06
C02817,Customer 02817,Consumer,Lucknow,R01,2025-04-06
C02818,Customer 02818,Consumer,Mumbai,R04,2024-02-09
C02819,Customer 02819,Consumer,Guwahati,R03,2025-06-20
C02820,Customer 02820,Consumer,Hyderabad,R02,2024-07-11
C02821,Customer 02821,Consumer,Delhi,R01,2025-02-22
C02822,Customer 02822,SMB,Ahmedabad,R04,2025-02-24
C02823,Customer 02823,SMB,Pune,R04,2024-07-13
C02824,Customer 02824,SMB,Delhi,R01,2024-07-20
C02825,Customer 02825,Enterprise,Bhubaneswar,R03,2025-06-04
C02826,Customer 02826,Consumer,Pune,R04,2025-08-24
C02827,Customer 02827,Consumer,Delhi,R01,2025-09-01
C02828,Customer 02828,Premium,Pune,R04,2025-10-29
C02829,Customer 02829,Enterprise,Bengaluru,R02,2025-09-29
C02830,Customer 02830,SMB,Kolkata,R03,2025-08-23
C02831,Customer 02831,Consumer,Kolkata,R03,2025-12-01
C02832,Customer 02832,Consumer,Pune,R04,2024-11-06
C02833,Customer 02833,Consumer,Bhubaneswar,R03,2025-04-04
C02834,Customer 02834,Consumer,Mumbai,R04,2024-02-15
C02835,Customer 02835,SMB,Chandigarh,R01,2025-07-20
C02836,Customer 02836,Consumer,Jaipur,R01,2024-01-26
C02837,Customer 02837,Consumer,Pune,R04,2024-04-07
C02838,Customer 02838,Enterprise,Delhi,R01,2025-06-22
C02839,Customer 02839,Consumer,Surat,R04,2025-04-18
C02840,Customer 02840,Enterprise,Hyderabad,R02,2025-12-30
C02841,Customer 02841,Consumer,Ahmedabad,R04,2024-05-02
C02842,Customer 02842,SMB,Hyderabad,R02,2025-01-11
C02843,Customer 02843,Premium,Mumbai,R04,2025-06-30
C02844,Customer 02844,Consumer,Patna,R03,2025-03-06
C02845,Customer 02845,Enterprise,Surat,R04,2025-06-14
C02846,Customer 02846,SMB,Delhi,R01,2025-03-10
C02847,Customer 02847,Consumer,Kochi,R02,2024-03-25
C02848,Customer 02848,Consumer,Ahmedabad,R04,2024-12-02
C02849,Customer 02849,Consumer,Delhi,R01,2024-04-03
C02850,Customer 02850,Enterprise,Hyderabad,R02,2024-12-28
C02851,Customer 02851,Premium,Chennai,R02,2025-01-29
C02852,Customer 02852,Premium,Jaipur,R01,2025-03-13
C02853,Customer 02853,SMB,Surat,R04,2025-06-19
C02854,Customer 02854,Consumer,Guwahati,R03,2024-04-07
C02855,Customer 02855,Consumer,Bengaluru,R02,2024-12-13
C02856,Customer 02856,Premium,Chennai,R02,2024-06-12
C02857,Customer 02857,Enterprise,Kochi,R02,2025-09-15
C02858,Customer 02858,Consumer,Guwahati,R03,2024-04-22
C02859,Customer 02859,SMB,Guwahati,R03,2024-09-26
C02860,Customer 02860,SMB,Hyderabad,R02,2024-12-11
C02861,Customer 02861,Consumer,Kolkata,R03,2024-07-14
C02862,Customer 02862,Premium,Chennai,R02,2025-03-16
C02863,Customer 02863,Enterprise,Hyderabad,R02,2025-04-01
C02864,Customer 02864,SMB,Surat,R04,2024-03-23
C02865,Customer 02865,SMB,Bhubaneswar,R03,2025-06-24
C02866,Customer 02866,Premium,Lucknow,R01,2025-10-23
C02867,Customer 02867,Consumer,Chennai,R02,2024-01-08
C02868,Customer 02868,SMB,Chandigarh,R01,2025-07-24
C02869,Customer 02869,Enterprise,Chennai,R02,2024-09-22
C02870,Customer 02870,Consumer,Kochi,R02,2024-12-02
C02871,Customer 02871,SMB,Hyderabad,R02,2024-11-17
C02872,Customer 02872,Premium,Bengaluru,R02,2024-11-05
C02873,Customer 02873,Premium,Guwahati,R03,2024-01-17
C02874,Customer 02874,Consumer,Kolkata,R03,2025-07-15
C02875,Customer 02875,Consumer,Chandigarh,R01,2025-09-08
C02876,Customer 02876,Consumer,Jaipur,R01,2024-04-27
C02877,Customer 02877,Premium,Chandigarh,R01,2024-07-14
C02878,Customer 02878,Enterprise,Mumbai,R04,2024-03-19
C02879,Customer 02879,Consumer,Guwahati,R03,2025-06-11
C02880,Customer 02880,Consumer,Guwahati,R03,2025-04-28
C02881,Customer 02881,Enterprise,Lucknow,R01,2025-02-21
C02882,Customer 02882,SMB,Jaipur,R01,2024-11-19
C02883,Customer 02883,Premium,Guwahati,R03,2025-05-07
C02884,Customer 02884,SMB,Ahmedabad,R04,2025-03-29
C02885,Customer 02885,SMB,Lucknow,R01,2024-08-13
C02886,Customer 02886,SMB,Lucknow,R01,2025-05-24
C02887,Customer 02887,Enterprise,Ahmedabad,R04,2024-12-06
C02888,Customer 02888,Consumer,Patna,R03,2024-09-21
C02889,Customer 02889,Consumer,Mumbai,R04,2024-01-27
C02890,Customer 02890,Consumer,Kochi,R02,2024-05-01
C02891,Customer 02891,Enterprise,Delhi,R01,2025-05-18
C02892,Customer 02892,Consumer,Ahmedabad,R04,2024-10-06
C02893,Customer 02893,Consumer,Kolkata,R03,2024-06-06
C02894,Customer 02894,Consumer,Hyderabad,R02,2024-02-03
C02895,Customer 02895,SMB,Patna,R03,2024-09-02
C02896,Customer 02896,Consumer,Mumbai,R04,2024-04-04
C02897,Customer 02897,Consumer,Kochi,R02,2024-06-03
C02898,Customer 02898,SMB,Bhubaneswar,R03,2025-12-13
C02899,Customer 02899,SMB,Pune,R04,2024-07-16
C02900,Customer 02900,Consumer,Jaipur,R01,2024-03-23
C02901,Customer 02901,SMB,Kochi,R02,2025-05-03
C02902,Customer 02902,SMB,Hyderabad,R02,2024-06-10
C02903,Customer 02903,Consumer,Surat,R04,2025-02-03
C02904,Customer 02904,Enterprise,Hyderabad,R02,2025-09-15
C02905,Customer 02905,Consumer,Surat,R04,2024-03-31
C02906,Customer 02906,Consumer,Delhi,R01,2024-11-17
C02907,Customer 02907,Consumer,Surat,R04,2025-04-27
C02908,Customer 02908,Premium,Kolkata,R03,2025-10-23
C02909,Customer 02909,Premium,Lucknow,R01,2025-03-19
C02910,Customer 02910,Consumer,Delhi,R01,2024-09-19
C02911,Customer 02911,Premium,Surat,R04,2025-04-23
C02912,Customer 02912,Consumer,Lucknow,R01,2024-01-14
C02913,Customer 02913,Enterprise,Jaipur,R01,2025-02-20
C02914,Customer 02914,SMB,Chandigarh,R01,2025-07-31
C02915,Customer 02915,Consumer,Pune,R04,2025-03-14
C02916,Customer 02916,Consumer,Ahmedabad,R04,2025-03-27
C02917,Customer 02917,Premium,Jaipur,R01,2025-11-04
C02918,Customer 02918,SMB,Mumbai,R04,2025-08-15
C02919,Customer 02919,Consumer,Surat,R04,2025-01-15
C02920,Customer 02920,SMB,Guwahati,R03,2024-10-22
C02921,Customer 02921,Premium,Chandigarh,R01,2024-01-26
C02922,Customer 02922,Enterprise,Bhubaneswar,R03,2025-02-22
C02923,Customer 02923,Enterprise,Chandigarh,R01,2024-04-12
C02924,Customer 02924,Enterprise,Jaipur,R01,2024-08-23
C02925,Customer 02925,Enterprise,Kochi,R02,2024-03-13
C02926,Customer 02926,Consumer,Bhubaneswar,R03,2024-10-30
C02927,Customer 02927,Consumer,Surat,R04,2025-01-06
C02928,Customer 02928,Enterprise,Kolkata,R03,2025-06-14
C02929,Customer 02929,Enterprise,Bhubaneswar,R03,2024-11-28
C02930,Customer 02930,Consumer,Lucknow,R01,2024-04-10
C02931,Customer 02931,Premium,Chennai,R02,2025-01-27
C02932,Customer 02932,Enterprise,Surat,R04,2024-02-05
C02933,Customer 02933,SMB,Hyderabad,R02,2025-11-16
C02934,Customer 02934,Consumer,Ahmedabad,R04,2025-02-25
C02935,Customer 02935,SMB,Kolkata,R03,2025-07-28
C02936,Customer 02936,Consumer,Ahmedabad,R04,2025-02-22
C02937,Customer 02937,Premium,Delhi,R01,2024-02-09
C02938,Customer 02938,SMB,Hyderabad,R02,2025-05-29
C02939,Customer 02939,Consumer,Jaipur,R01,2024-09-07
C02940,Customer 02940,SMB,Kochi,R02,2024-08-19
C02941,Customer 02941,Consumer,Patna,R03,2024-11-03
C02942,Customer 02942,Consumer,Patna,R03,2024-01-30
C02943,Customer 02943,Enterprise,Chandigarh,R01,2025-12-26
C02944,Customer 02944,SMB,Mumbai,R04,2024-04-13
C02945,Customer 02945,Premium,Pune,R04,2025-10-22
C02946,Customer 02946,Consumer,Guwahati,R03,2025-11-13
C02947,Customer 02947,Enterprise,Bhubaneswar,R03,2024-12-10
C02948,Customer 02948,SMB,Bengaluru,R02,2025-04-06
C02949,Customer 02949,Consumer,Patna,R03,2025-08-06
C02950,Customer 02950,SMB,Ahmedabad,R04,2024-10-20
C02951,Customer 02951,Consumer,Lucknow,R01,2025-02-13
C02952,Customer 02952,Premium,Mumbai,R04,2025-10-27
C02953,Customer 02953,SMB,Kochi,R02,2025-02-15
C02954,Customer 02954,Consumer,Hyderabad,R02,2025-09-13
C02955,Customer 02955,SMB,Patna,R03,2024-09-01
C02956,Customer 02956,Consumer,Guwahati,R03,2024-09-30
C02957,Customer 02957,Consumer,Delhi,R01,2025-01-07
C02958,Customer 02958,Consumer,Kochi,R02,2024-06-13
C02959,Customer 02959,Consumer,Hyderabad,R02,2025-05-04
C02960,Customer 02960,SMB,Mumbai,R04,2024-03-22
C02961,Customer 02961,SMB,Mumbai,R04,2025-12-24
C02962,Customer 02962,Consumer,Patna,R03,2025-04-13
C02963,Customer 02963,Consumer,Ahmedabad,R04,2025-04-29
C02964,Customer 02964,SMB,Hyderabad,R02,2024-09-29
C02965,Customer 02965,Enterprise,Jaipur,R01,2025-06-15
C02966,Customer 02966,Consumer,Bengaluru,R02,2024-06-21
C02967,Customer 02967,SMB,Mumbai,R04,2024-06-12
C02968,Customer 02968,Consumer,Surat,R04,2025-07-15
C02969,Customer 02969,Enterprise,Chennai,R02,2024-07-06
C02970,Customer 02970,Enterprise,Lucknow,R01,2024-10-18
C02971,Customer 02971,Consumer,Pune,R04,2024-09-29
C02972,Customer 02972,Consumer,Kochi,R02,2025-03-14
C02973,Customer 02973,Consumer,Ahmedabad,R04,2024-04-19
C02974,Customer 02974,Enterprise,Hyderabad,R02,2024-06-24
C02975,Customer 02975,Enterprise,Bhubaneswar,R03,2024-01-01
C02976,Customer 02976,Consumer,Bengaluru,R02,2024-03-08
C02977,Customer 02977,SMB,Guwahati,R03,2025-03-06
C02978,Customer 02978,Enterprise,Ahmedabad,R04,2025-10-26
C02979,Customer 02979,SMB,Guwahati,R03,2025-09-18
C02980,Customer 02980,Enterprise,Kolkata,R03,2024-07-29
C02981,Customer 02981,Consumer,Kochi,R02,2024-05-22
C02982,Customer 02982,Consumer,Ahmedabad,R04,2025-09-11
C02983,Customer 02983,Consumer,Chandigarh,R01,2025-01-21
C02984,Customer 02984,SMB,Jaipur,R01,2024-09-10
C02985,Customer 02985,Premium,Pune,R04,2025-06-30
C02986,Customer 02986,SMB,Hyderabad,R02,2024-07-24
C02987,Customer 02987,SMB,Chennai,R02,2024-03-30
C02988,Customer 02988,SMB,Bengaluru,R02,2025-12-14
C02989,Customer 02989,Consumer,Chennai,R02,2025-07-30
C02990,Customer 02990,SMB,Lucknow,R01,2025-11-26
C02991,Customer 02991,Consumer,Pune,R04,2024-11-08
C02992,Customer 02992,SMB,Ahmedabad,R04,2024-05-27
C02993,Customer 02993,Consumer,Chandigarh,R01,2024-10-30
C02994,Customer 02994,Consumer,Patna,R03,2024-06-11
C02995,Customer 02995,SMB,Surat,R04,2025-10-31
C02996,Customer 02996,Consumer,Ahmedabad,R04,2025-01-29
C02997,Customer 02997,SMB,Hyderabad,R02,2025-09-15
C02998,Customer 02998,SMB,Chandigarh,R01,2024-10-28
C02999,Customer 02999,Consumer,Lucknow,R01,2025-10-10
C03000,Customer 03000,Consumer,Mumbai,R04,2024-10-04
